"URL","Indexable","Words","Incoming internal links","Outgoing internal links","External citations","Images","Images missing alt","Images missing dimensions","Heading skips","Schema types","Flags","Suggested action"
"https://brollyexamprep.com/","true","2441","1034","374","5","3","0","0","0","Organization|WebSite|WebPage","","keep"
"https://brollyexamprep.com/about/","true","1043","1034","183","2","4","0","0","0","Organization|WebSite|WebPage|BreadcrumbList","","keep"
"https://brollyexamprep.com/blog/","true","789","1034","187","1","3","0","0","0","Organization|WebSite|WebPage|BreadcrumbList","","keep"
"https://brollyexamprep.com/blog/google-ai-search-optimization-guide/","true","1073","2","182","2","3","0","0","0","Organization|WebSite|WebPage|Article|BreadcrumbList","","keep"
"https://brollyexamprep.com/blog/how-to-start-competitive-exam-preparation/","true","1087","3","183","1","3","0","0","0","Organization|WebSite|WebPage|Article|BreadcrumbList","","keep"
"https://brollyexamprep.com/blog/how-to-use-previous-year-papers/","true","837","3","183","1","3","0","0","0","Organization|WebSite|WebPage|Article|BreadcrumbList","","keep"
"https://brollyexamprep.com/blog/ssc-cgl-syllabus-exam-pattern/","true","979","2","183","1","3","0","0","0","Organization|WebSite|WebPage|Article|BreadcrumbList","","keep"
"https://brollyexamprep.com/careers/","false","934","1034","182","1","3","0","0","0","Organization|WebSite|WebPage|BreadcrumbList","","noindex"
"https://brollyexamprep.com/contact/","true","859","1034","182","1","3","0","0","0","Organization|WebSite|WebPage|BreadcrumbList","","keep"
"https://brollyexamprep.com/corrections-policy/","true","681","1034","182","1","3","0","0","0","Organization|WebSite|WebPage|BreadcrumbList","","keep"
"https://brollyexamprep.com/courses/","true","1018","2","184","1","3","0","0","0","Organization|WebSite|WebPage|BreadcrumbList","","keep"
"https://brollyexamprep.com/current-affairs/","true","1158","1034","183","1","3","0","0","0","Organization|WebSite|WebPage|BreadcrumbList","","keep"
"https://brollyexamprep.com/current-affairs/awards/","true","685","1034","183","1","3","0","0","0","Organization|WebSite|WebPage|CollectionPage|FAQPage|BreadcrumbList","","keep"
"https://brollyexamprep.com/current-affairs/banking/","true","769","1034","183","1","3","0","0","0","Organization|WebSite|WebPage|CollectionPage|FAQPage|BreadcrumbList","","keep"
"https://brollyexamprep.com/current-affairs/daily-quiz/","true","715","1034","183","1","3","0","0","0","Organization|WebSite|WebPage|CollectionPage|FAQPage|BreadcrumbList","","keep"
"https://brollyexamprep.com/current-affairs/defence/","true","701","1034","183","1","3","0","0","0","Organization|WebSite|WebPage|CollectionPage|FAQPage|BreadcrumbList","","keep"
"https://brollyexamprep.com/current-affairs/economy-banking/","true","757","1034","184","1","3","0","0","0","Organization|WebSite|WebPage|CollectionPage|FAQPage|BreadcrumbList","","keep"
"https://brollyexamprep.com/current-affairs/environment/","true","683","1034","183","1","3","0","0","0","Organization|WebSite|WebPage|CollectionPage|FAQPage|BreadcrumbList","","keep"
"https://brollyexamprep.com/current-affairs/government-schemes/","true","753","1034","183","1","3","0","0","0","Organization|WebSite|WebPage|CollectionPage|FAQPage|BreadcrumbList","","keep"
"https://brollyexamprep.com/current-affairs/india/","true","719","1034","183","1","3","0","0","0","Organization|WebSite|WebPage|CollectionPage|FAQPage|BreadcrumbList","","keep"
"https://brollyexamprep.com/current-affairs/international/","true","686","1034","183","1","3","0","0","0","Organization|WebSite|WebPage|CollectionPage|FAQPage|BreadcrumbList","","keep"
"https://brollyexamprep.com/current-affairs/monthly/","true","796","1034","183","1","3","0","0","0","Organization|WebSite|WebPage|CollectionPage|FAQPage|BreadcrumbList","","keep"
"https://brollyexamprep.com/current-affairs/pdf/","true","769","1034","183","1","3","0","0","0","Organization|WebSite|WebPage|CollectionPage|FAQPage|BreadcrumbList","","keep"
"https://brollyexamprep.com/current-affairs/railways/","true","755","1034","183","1","3","0","0","0","Organization|WebSite|WebPage|CollectionPage|FAQPage|BreadcrumbList","","keep"
"https://brollyexamprep.com/current-affairs/science-technology/","true","723","1034","183","1","3","0","0","0","Organization|WebSite|WebPage|CollectionPage|FAQPage|BreadcrumbList","","keep"
"https://brollyexamprep.com/current-affairs/sports/","true","645","1034","183","1","3","0","0","0","Organization|WebSite|WebPage|CollectionPage|FAQPage|BreadcrumbList","","keep"
"https://brollyexamprep.com/current-affairs/ssc/","true","753","1034","183","1","3","0","0","0","Organization|WebSite|WebPage|CollectionPage|FAQPage|BreadcrumbList","","keep"
"https://brollyexamprep.com/current-affairs/state-psc/","true","750","1034","183","1","3","0","0","0","Organization|WebSite|WebPage|CollectionPage|FAQPage|BreadcrumbList","","keep"
"https://brollyexamprep.com/current-affairs/today/","true","790","1034","183","1","3","0","0","0","Organization|WebSite|WebPage|CollectionPage|FAQPage|BreadcrumbList","","keep"
"https://brollyexamprep.com/current-affairs/upsc/","true","786","1034","183","1","3","0","0","0","Organization|WebSite|WebPage|CollectionPage|FAQPage|BreadcrumbList","","keep"
"https://brollyexamprep.com/current-affairs/weekly/","true","753","1034","183","1","3","0","0","0","Organization|WebSite|WebPage|CollectionPage|FAQPage|BreadcrumbList","","keep"
"https://brollyexamprep.com/disclaimer/","true","968","1034","182","2","3","0","0","0","Organization|WebSite|WebPage|BreadcrumbList","","keep"
"https://brollyexamprep.com/editorial-policy/","true","877","1034","182","1","3","0","0","0","Organization|WebSite|WebPage|BreadcrumbList","","keep"
"https://brollyexamprep.com/entrance-exams/","true","1058","1034","185","1","3","0","0","0","Organization|WebSite|WebPage|BreadcrumbList","","keep"
"https://brollyexamprep.com/entrance-exams/engineering/","true","809","1034","183","1","3","0","0","0","Organization|WebSite|WebPage|CollectionPage|FAQPage|BreadcrumbList","","keep"
"https://brollyexamprep.com/entrance-exams/engineering/ap-eapcet/","true","1066","1034","189","1","3","0","0","0","Organization|WebSite|WebPage|Article|FAQPage|BreadcrumbList","","keep"
"https://brollyexamprep.com/entrance-exams/engineering/ap-eapcet/exam-pattern/","true","738","7","189","1","3","0","0","0","Organization|WebSite|WebPage|Article|BreadcrumbList","","keep"
"https://brollyexamprep.com/entrance-exams/engineering/ap-eapcet/mock-tests/","true","729","7","189","1","3","0","0","0","Organization|WebSite|WebPage|Article|BreadcrumbList","","keep"
"https://brollyexamprep.com/entrance-exams/engineering/ap-eapcet/preparation/","true","698","7","189","1","3","0","0","0","Organization|WebSite|WebPage|Article|BreadcrumbList","","keep"
"https://brollyexamprep.com/entrance-exams/engineering/ap-eapcet/previous-year-papers/","true","721","7","189","1","3","0","0","0","Organization|WebSite|WebPage|Article|BreadcrumbList","","keep"
"https://brollyexamprep.com/entrance-exams/engineering/ap-eapcet/study-material/","true","776","7","189","1","3","0","0","0","Organization|WebSite|WebPage|Article|BreadcrumbList","","keep"
"https://brollyexamprep.com/entrance-exams/engineering/ap-eapcet/syllabus/","true","643","7","189","1","3","0","0","0","Organization|WebSite|WebPage|Article|BreadcrumbList","","keep"
"https://brollyexamprep.com/entrance-exams/engineering/bitsat/","true","1126","1034","189","1","3","0","0","0","Organization|WebSite|WebPage|Article|FAQPage|BreadcrumbList","","keep"
"https://brollyexamprep.com/entrance-exams/engineering/bitsat/exam-pattern/","true","808","7","189","1","3","0","0","0","Organization|WebSite|WebPage|Article|BreadcrumbList","","keep"
"https://brollyexamprep.com/entrance-exams/engineering/bitsat/mock-tests/","true","761","7","189","1","3","0","0","0","Organization|WebSite|WebPage|Article|BreadcrumbList","","keep"
"https://brollyexamprep.com/entrance-exams/engineering/bitsat/preparation/","true","708","7","189","1","3","0","0","0","Organization|WebSite|WebPage|Article|BreadcrumbList","","keep"
"https://brollyexamprep.com/entrance-exams/engineering/bitsat/previous-year-papers/","true","693","7","189","1","3","0","0","0","Organization|WebSite|WebPage|Article|BreadcrumbList","","keep"
"https://brollyexamprep.com/entrance-exams/engineering/bitsat/study-material/","true","745","7","189","1","3","0","0","0","Organization|WebSite|WebPage|Article|BreadcrumbList","","keep"
"https://brollyexamprep.com/entrance-exams/engineering/bitsat/syllabus/","true","705","7","189","1","3","0","0","0","Organization|WebSite|WebPage|Article|BreadcrumbList","","keep"
"https://brollyexamprep.com/entrance-exams/engineering/comedk/","true","1056","1034","189","1","3","0","0","0","Organization|WebSite|WebPage|Article|FAQPage|BreadcrumbList","","keep"
"https://brollyexamprep.com/entrance-exams/engineering/comedk/exam-pattern/","true","775","7","189","1","3","0","0","0","Organization|WebSite|WebPage|Article|BreadcrumbList","","keep"
"https://brollyexamprep.com/entrance-exams/engineering/comedk/mock-tests/","true","823","7","189","1","3","0","0","0","Organization|WebSite|WebPage|Article|BreadcrumbList","","keep"
"https://brollyexamprep.com/entrance-exams/engineering/comedk/preparation/","true","669","7","189","1","3","0","0","0","Organization|WebSite|WebPage|Article|BreadcrumbList","","keep"
"https://brollyexamprep.com/entrance-exams/engineering/comedk/previous-year-papers/","true","703","7","189","1","3","0","0","0","Organization|WebSite|WebPage|Article|BreadcrumbList","","keep"
"https://brollyexamprep.com/entrance-exams/engineering/comedk/study-material/","true","803","7","189","1","3","0","0","0","Organization|WebSite|WebPage|Article|BreadcrumbList","","keep"
"https://brollyexamprep.com/entrance-exams/engineering/comedk/syllabus/","true","686","7","189","1","3","0","0","0","Organization|WebSite|WebPage|Article|BreadcrumbList","","keep"
"https://brollyexamprep.com/entrance-exams/engineering/jee-advanced/","true","1187","1034","189","1","3","0","0","0","Organization|WebSite|WebPage|Article|FAQPage|BreadcrumbList","","keep"
"https://brollyexamprep.com/entrance-exams/engineering/jee-advanced/exam-pattern/","true","840","7","189","1","3","0","0","0","Organization|WebSite|WebPage|Article|BreadcrumbList","","keep"
"https://brollyexamprep.com/entrance-exams/engineering/jee-advanced/mock-tests/","true","806","7","189","1","3","0","0","0","Organization|WebSite|WebPage|Article|BreadcrumbList","","keep"
"https://brollyexamprep.com/entrance-exams/engineering/jee-advanced/preparation/","true","846","7","189","1","3","0","0","0","Organization|WebSite|WebPage|Article|BreadcrumbList","","keep"
"https://brollyexamprep.com/entrance-exams/engineering/jee-advanced/previous-year-papers/","true","759","7","189","1","3","0","0","0","Organization|WebSite|WebPage|Article|BreadcrumbList","","keep"
"https://brollyexamprep.com/entrance-exams/engineering/jee-advanced/study-material/","true","882","7","189","1","3","0","0","0","Organization|WebSite|WebPage|Article|BreadcrumbList","","keep"
"https://brollyexamprep.com/entrance-exams/engineering/jee-advanced/syllabus/","true","715","7","189","1","3","0","0","0","Organization|WebSite|WebPage|Article|BreadcrumbList","","keep"
"https://brollyexamprep.com/entrance-exams/engineering/jee-main/","true","1191","1034","189","1","3","0","0","0","Organization|WebSite|WebPage|Article|FAQPage|BreadcrumbList","","keep"
"https://brollyexamprep.com/entrance-exams/engineering/jee-main/exam-pattern/","true","809","7","189","1","3","0","0","0","Organization|WebSite|WebPage|Article|BreadcrumbList","","keep"
"https://brollyexamprep.com/entrance-exams/engineering/jee-main/mock-tests/","true","862","7","189","1","3","0","0","0","Organization|WebSite|WebPage|Article|BreadcrumbList","","keep"
"https://brollyexamprep.com/entrance-exams/engineering/jee-main/preparation/","true","847","7","189","1","3","0","0","0","Organization|WebSite|WebPage|Article|BreadcrumbList","","keep"
"https://brollyexamprep.com/entrance-exams/engineering/jee-main/previous-year-papers/","true","764","7","189","1","3","0","0","0","Organization|WebSite|WebPage|Article|BreadcrumbList","","keep"
"https://brollyexamprep.com/entrance-exams/engineering/jee-main/study-material/","true","877","7","189","1","3","0","0","0","Organization|WebSite|WebPage|Article|BreadcrumbList","","keep"
"https://brollyexamprep.com/entrance-exams/engineering/jee-main/syllabus/","true","756","7","189","1","3","0","0","0","Organization|WebSite|WebPage|Article|BreadcrumbList","","keep"
"https://brollyexamprep.com/entrance-exams/engineering/tg-eapcet/","true","1081","1034","189","1","3","0","0","0","Organization|WebSite|WebPage|Article|FAQPage|BreadcrumbList","","keep"
"https://brollyexamprep.com/entrance-exams/engineering/tg-eapcet/exam-pattern/","true","731","7","189","1","3","0","0","0","Organization|WebSite|WebPage|Article|BreadcrumbList","","keep"
"https://brollyexamprep.com/entrance-exams/engineering/tg-eapcet/mock-tests/","true","717","7","189","1","3","0","0","0","Organization|WebSite|WebPage|Article|BreadcrumbList","","keep"
"https://brollyexamprep.com/entrance-exams/engineering/tg-eapcet/preparation/","true","689","7","189","1","3","0","0","0","Organization|WebSite|WebPage|Article|BreadcrumbList","","keep"
"https://brollyexamprep.com/entrance-exams/engineering/tg-eapcet/previous-year-papers/","true","679","7","189","1","3","0","0","0","Organization|WebSite|WebPage|Article|BreadcrumbList","","keep"
"https://brollyexamprep.com/entrance-exams/engineering/tg-eapcet/study-material/","true","813","7","189","1","3","0","0","0","Organization|WebSite|WebPage|Article|BreadcrumbList","","keep"
"https://brollyexamprep.com/entrance-exams/engineering/tg-eapcet/syllabus/","true","618","7","189","1","3","0","0","0","Organization|WebSite|WebPage|Article|BreadcrumbList","","keep"
"https://brollyexamprep.com/entrance-exams/engineering/viteee/","true","1020","1034","189","1","3","0","0","0","Organization|WebSite|WebPage|Article|FAQPage|BreadcrumbList","","keep"
"https://brollyexamprep.com/entrance-exams/engineering/viteee/exam-pattern/","true","716","7","189","1","3","0","0","0","Organization|WebSite|WebPage|Article|BreadcrumbList","","keep"
"https://brollyexamprep.com/entrance-exams/engineering/viteee/mock-tests/","true","731","7","189","1","3","0","0","0","Organization|WebSite|WebPage|Article|BreadcrumbList","","keep"
"https://brollyexamprep.com/entrance-exams/engineering/viteee/preparation/","true","699","7","189","1","3","0","0","0","Organization|WebSite|WebPage|Article|BreadcrumbList","","keep"
"https://brollyexamprep.com/entrance-exams/engineering/viteee/previous-year-papers/","true","715","7","189","1","3","0","0","0","Organization|WebSite|WebPage|Article|BreadcrumbList","","keep"
"https://brollyexamprep.com/entrance-exams/engineering/viteee/study-material/","true","751","7","189","1","3","0","0","0","Organization|WebSite|WebPage|Article|BreadcrumbList","","keep"
"https://brollyexamprep.com/entrance-exams/engineering/viteee/syllabus/","true","654","7","189","1","3","0","0","0","Organization|WebSite|WebPage|Article|BreadcrumbList","","keep"
"https://brollyexamprep.com/entrance-exams/international/","true","1024","29","183","1","3","0","0","0","Organization|WebSite|WebPage|CollectionPage|FAQPage|BreadcrumbList","","keep"
"https://brollyexamprep.com/entrance-exams/international/gre/","true","1154","1034","190","1","3","0","0","0","Organization|WebSite|WebPage|Article|FAQPage|BreadcrumbList","","keep"
"https://brollyexamprep.com/entrance-exams/international/gre/exam-pattern/","true","755","7","190","1","3","0","0","0","Organization|WebSite|WebPage|Article|BreadcrumbList","","keep"
"https://brollyexamprep.com/entrance-exams/international/gre/mock-tests/","true","711","7","190","1","3","0","0","0","Organization|WebSite|WebPage|Article|BreadcrumbList","","keep"
"https://brollyexamprep.com/entrance-exams/international/gre/preparation/","true","741","7","190","1","3","0","0","0","Organization|WebSite|WebPage|Article|BreadcrumbList","","keep"
"https://brollyexamprep.com/entrance-exams/international/gre/previous-year-papers/","true","707","7","190","1","3","0","0","0","Organization|WebSite|WebPage|Article|BreadcrumbList","","keep"
"https://brollyexamprep.com/entrance-exams/international/gre/study-material/","true","753","7","190","1","3","0","0","0","Organization|WebSite|WebPage|Article|BreadcrumbList","","keep"
"https://brollyexamprep.com/entrance-exams/international/gre/syllabus/","true","781","7","190","1","3","0","0","0","Organization|WebSite|WebPage|Article|BreadcrumbList","","keep"
"https://brollyexamprep.com/entrance-exams/international/ielts/","true","1264","1034","190","1","3","0","0","0","Organization|WebSite|WebPage|Article|FAQPage|BreadcrumbList","","keep"
"https://brollyexamprep.com/entrance-exams/international/ielts/exam-pattern/","true","778","7","190","1","3","0","0","0","Organization|WebSite|WebPage|Article|BreadcrumbList","","keep"
"https://brollyexamprep.com/entrance-exams/international/ielts/mock-tests/","true","746","7","190","1","3","0","0","0","Organization|WebSite|WebPage|Article|BreadcrumbList","","keep"
"https://brollyexamprep.com/entrance-exams/international/ielts/preparation/","true","745","7","190","1","3","0","0","0","Organization|WebSite|WebPage|Article|BreadcrumbList","","keep"
"https://brollyexamprep.com/entrance-exams/international/ielts/previous-year-papers/","true","738","7","190","1","3","0","0","0","Organization|WebSite|WebPage|Article|BreadcrumbList","","keep"
"https://brollyexamprep.com/entrance-exams/international/ielts/study-material/","true","780","7","190","1","3","0","0","0","Organization|WebSite|WebPage|Article|BreadcrumbList","","keep"
"https://brollyexamprep.com/entrance-exams/international/ielts/syllabus/","true","590","7","190","1","3","0","0","0","Organization|WebSite|WebPage|Article|BreadcrumbList","","keep"
"https://brollyexamprep.com/entrance-exams/international/sat/","true","1167","1034","190","1","3","0","0","0","Organization|WebSite|WebPage|Article|FAQPage|BreadcrumbList","","keep"
"https://brollyexamprep.com/entrance-exams/international/sat/exam-pattern/","true","706","7","190","1","3","0","0","0","Organization|WebSite|WebPage|Article|BreadcrumbList","","keep"
"https://brollyexamprep.com/entrance-exams/international/sat/mock-tests/","true","705","7","190","1","3","0","0","0","Organization|WebSite|WebPage|Article|BreadcrumbList","","keep"
"https://brollyexamprep.com/entrance-exams/international/sat/preparation/","true","746","7","190","1","3","0","0","0","Organization|WebSite|WebPage|Article|BreadcrumbList","","keep"
"https://brollyexamprep.com/entrance-exams/international/sat/previous-year-papers/","true","678","7","190","1","3","0","0","0","Organization|WebSite|WebPage|Article|BreadcrumbList","","keep"
"https://brollyexamprep.com/entrance-exams/international/sat/study-material/","true","810","7","190","1","3","0","0","0","Organization|WebSite|WebPage|Article|BreadcrumbList","","keep"
"https://brollyexamprep.com/entrance-exams/international/sat/syllabus/","true","704","7","190","1","3","0","0","0","Organization|WebSite|WebPage|Article|BreadcrumbList","","keep"
"https://brollyexamprep.com/entrance-exams/international/toefl/","true","1242","1034","190","1","3","0","0","0","Organization|WebSite|WebPage|Article|FAQPage|BreadcrumbList","","keep"
"https://brollyexamprep.com/entrance-exams/international/toefl/exam-pattern/","true","728","7","190","1","3","0","0","0","Organization|WebSite|WebPage|Article|BreadcrumbList","","keep"
"https://brollyexamprep.com/entrance-exams/international/toefl/mock-tests/","true","704","7","190","1","3","0","0","0","Organization|WebSite|WebPage|Article|BreadcrumbList","","keep"
"https://brollyexamprep.com/entrance-exams/international/toefl/preparation/","true","774","7","190","1","3","0","0","0","Organization|WebSite|WebPage|Article|BreadcrumbList","","keep"
"https://brollyexamprep.com/entrance-exams/international/toefl/previous-year-papers/","true","716","7","190","1","3","0","0","0","Organization|WebSite|WebPage|Article|BreadcrumbList","","keep"
"https://brollyexamprep.com/entrance-exams/international/toefl/study-material/","true","820","7","190","1","3","0","0","0","Organization|WebSite|WebPage|Article|BreadcrumbList","","keep"
"https://brollyexamprep.com/entrance-exams/international/toefl/syllabus/","true","771","7","190","1","3","0","0","0","Organization|WebSite|WebPage|Article|BreadcrumbList","","keep"
"https://brollyexamprep.com/entrance-exams/law/","true","814","1034","183","1","3","0","0","0","Organization|WebSite|WebPage|CollectionPage|FAQPage|BreadcrumbList","","keep"
"https://brollyexamprep.com/entrance-exams/law/ailet/","true","1071","1034","189","1","3","0","0","0","Organization|WebSite|WebPage|Article|FAQPage|BreadcrumbList","","keep"
"https://brollyexamprep.com/entrance-exams/law/ailet/exam-pattern/","true","703","7","189","1","3","0","0","0","Organization|WebSite|WebPage|Article|BreadcrumbList","","keep"
"https://brollyexamprep.com/entrance-exams/law/ailet/mock-tests/","true","743","7","189","1","3","0","0","0","Organization|WebSite|WebPage|Article|BreadcrumbList","","keep"
"https://brollyexamprep.com/entrance-exams/law/ailet/preparation/","true","693","7","189","1","3","0","0","0","Organization|WebSite|WebPage|Article|BreadcrumbList","","keep"
"https://brollyexamprep.com/entrance-exams/law/ailet/previous-year-papers/","true","666","7","189","1","3","0","0","0","Organization|WebSite|WebPage|Article|BreadcrumbList","","keep"
"https://brollyexamprep.com/entrance-exams/law/ailet/study-material/","true","817","7","189","1","3","0","0","0","Organization|WebSite|WebPage|Article|BreadcrumbList","","keep"
"https://brollyexamprep.com/entrance-exams/law/ailet/syllabus/","true","646","7","189","1","3","0","0","0","Organization|WebSite|WebPage|Article|BreadcrumbList","","keep"
"https://brollyexamprep.com/entrance-exams/law/clat/","true","1127","1034","189","1","3","0","0","0","Organization|WebSite|WebPage|Article|FAQPage|BreadcrumbList","","keep"
"https://brollyexamprep.com/entrance-exams/law/clat/exam-pattern/","true","760","7","189","1","3","0","0","0","Organization|WebSite|WebPage|Article|BreadcrumbList","","keep"
"https://brollyexamprep.com/entrance-exams/law/clat/mock-tests/","true","757","7","189","1","3","0","0","0","Organization|WebSite|WebPage|Article|BreadcrumbList","","keep"
"https://brollyexamprep.com/entrance-exams/law/clat/preparation/","true","799","7","189","1","3","0","0","0","Organization|WebSite|WebPage|Article|BreadcrumbList","","keep"
"https://brollyexamprep.com/entrance-exams/law/clat/previous-year-papers/","true","746","7","189","1","3","0","0","0","Organization|WebSite|WebPage|Article|BreadcrumbList","","keep"
"https://brollyexamprep.com/entrance-exams/law/clat/study-material/","true","769","7","189","1","3","0","0","0","Organization|WebSite|WebPage|Article|BreadcrumbList","","keep"
"https://brollyexamprep.com/entrance-exams/law/clat/syllabus/","true","789","7","189","1","3","0","0","0","Organization|WebSite|WebPage|Article|BreadcrumbList","","keep"
"https://brollyexamprep.com/entrance-exams/mba/","true","826","1034","183","1","3","0","0","0","Organization|WebSite|WebPage|CollectionPage|FAQPage|BreadcrumbList","","keep"
"https://brollyexamprep.com/entrance-exams/mba/cat/","true","1195","1034","189","1","3","0","0","0","Organization|WebSite|WebPage|Article|FAQPage|BreadcrumbList","","keep"
"https://brollyexamprep.com/entrance-exams/mba/cat/exam-pattern/","true","800","7","189","1","3","0","0","0","Organization|WebSite|WebPage|Article|BreadcrumbList","","keep"
"https://brollyexamprep.com/entrance-exams/mba/cat/mock-tests/","true","892","7","189","1","3","0","0","0","Organization|WebSite|WebPage|Article|BreadcrumbList","","keep"
"https://brollyexamprep.com/entrance-exams/mba/cat/preparation/","true","818","7","189","1","3","0","0","0","Organization|WebSite|WebPage|Article|BreadcrumbList","","keep"
"https://brollyexamprep.com/entrance-exams/mba/cat/previous-year-papers/","true","762","7","189","1","3","0","0","0","Organization|WebSite|WebPage|Article|BreadcrumbList","","keep"
"https://brollyexamprep.com/entrance-exams/mba/cat/study-material/","true","844","7","189","1","3","0","0","0","Organization|WebSite|WebPage|Article|BreadcrumbList","","keep"
"https://brollyexamprep.com/entrance-exams/mba/cat/syllabus/","true","790","7","189","1","3","0","0","0","Organization|WebSite|WebPage|Article|BreadcrumbList","","keep"
"https://brollyexamprep.com/entrance-exams/mba/cmat/","true","1046","1034","189","1","3","0","0","0","Organization|WebSite|WebPage|Article|FAQPage|BreadcrumbList","","keep"
"https://brollyexamprep.com/entrance-exams/mba/cmat/exam-pattern/","true","720","7","189","1","3","0","0","0","Organization|WebSite|WebPage|Article|BreadcrumbList","","keep"
"https://brollyexamprep.com/entrance-exams/mba/cmat/mock-tests/","true","706","7","189","1","3","0","0","0","Organization|WebSite|WebPage|Article|BreadcrumbList","","keep"
"https://brollyexamprep.com/entrance-exams/mba/cmat/preparation/","true","719","7","189","1","3","0","0","0","Organization|WebSite|WebPage|Article|BreadcrumbList","","keep"
"https://brollyexamprep.com/entrance-exams/mba/cmat/previous-year-papers/","true","664","7","189","1","3","0","0","0","Organization|WebSite|WebPage|Article|BreadcrumbList","","keep"
"https://brollyexamprep.com/entrance-exams/mba/cmat/study-material/","true","713","7","189","1","3","0","0","0","Organization|WebSite|WebPage|Article|BreadcrumbList","","keep"
"https://brollyexamprep.com/entrance-exams/mba/cmat/syllabus/","true","712","7","189","1","3","0","0","0","Organization|WebSite|WebPage|Article|BreadcrumbList","","keep"
"https://brollyexamprep.com/entrance-exams/mba/gmat/","true","1205","1034","189","1","3","0","0","0","Organization|WebSite|WebPage|Article|FAQPage|BreadcrumbList","","keep"
"https://brollyexamprep.com/entrance-exams/mba/gmat/exam-pattern/","true","801","7","189","1","3","0","0","0","Organization|WebSite|WebPage|Article|BreadcrumbList","","keep"
"https://brollyexamprep.com/entrance-exams/mba/gmat/mock-tests/","true","767","7","189","1","3","0","0","0","Organization|WebSite|WebPage|Article|BreadcrumbList","","keep"
"https://brollyexamprep.com/entrance-exams/mba/gmat/preparation/","true","802","7","189","1","3","0","0","0","Organization|WebSite|WebPage|Article|BreadcrumbList","","keep"
"https://brollyexamprep.com/entrance-exams/mba/gmat/previous-year-papers/","true","738","7","189","1","3","0","0","0","Organization|WebSite|WebPage|Article|BreadcrumbList","","keep"
"https://brollyexamprep.com/entrance-exams/mba/gmat/study-material/","true","768","7","189","1","3","0","0","0","Organization|WebSite|WebPage|Article|BreadcrumbList","","keep"
"https://brollyexamprep.com/entrance-exams/mba/gmat/syllabus/","true","675","7","189","1","3","0","0","0","Organization|WebSite|WebPage|Article|BreadcrumbList","","keep"
"https://brollyexamprep.com/entrance-exams/mba/mat/","true","1064","1034","189","1","3","0","0","0","Organization|WebSite|WebPage|Article|FAQPage|BreadcrumbList","","keep"
"https://brollyexamprep.com/entrance-exams/mba/mat/exam-pattern/","true","725","7","189","1","3","0","0","0","Organization|WebSite|WebPage|Article|BreadcrumbList","","keep"
"https://brollyexamprep.com/entrance-exams/mba/mat/mock-tests/","true","726","7","189","1","3","0","0","0","Organization|WebSite|WebPage|Article|BreadcrumbList","","keep"
"https://brollyexamprep.com/entrance-exams/mba/mat/preparation/","true","702","7","189","1","3","0","0","0","Organization|WebSite|WebPage|Article|BreadcrumbList","","keep"
"https://brollyexamprep.com/entrance-exams/mba/mat/previous-year-papers/","true","662","7","189","1","3","0","0","0","Organization|WebSite|WebPage|Article|BreadcrumbList","","keep"
"https://brollyexamprep.com/entrance-exams/mba/mat/study-material/","true","730","7","189","1","3","0","0","0","Organization|WebSite|WebPage|Article|BreadcrumbList","","keep"
"https://brollyexamprep.com/entrance-exams/mba/mat/syllabus/","true","703","7","189","1","3","0","0","0","Organization|WebSite|WebPage|Article|BreadcrumbList","","keep"
"https://brollyexamprep.com/entrance-exams/mba/nmat/","true","1115","1034","189","1","3","0","0","0","Organization|WebSite|WebPage|Article|FAQPage|BreadcrumbList","","keep"
"https://brollyexamprep.com/entrance-exams/mba/nmat/exam-pattern/","true","766","7","189","1","3","0","0","0","Organization|WebSite|WebPage|Article|BreadcrumbList","","keep"
"https://brollyexamprep.com/entrance-exams/mba/nmat/mock-tests/","true","726","7","189","1","3","0","0","0","Organization|WebSite|WebPage|Article|BreadcrumbList","","keep"
"https://brollyexamprep.com/entrance-exams/mba/nmat/preparation/","true","710","7","189","1","3","0","0","0","Organization|WebSite|WebPage|Article|BreadcrumbList","","keep"
"https://brollyexamprep.com/entrance-exams/mba/nmat/previous-year-papers/","true","692","7","189","1","3","0","0","0","Organization|WebSite|WebPage|Article|BreadcrumbList","","keep"
"https://brollyexamprep.com/entrance-exams/mba/nmat/study-material/","true","778","7","189","1","3","0","0","0","Organization|WebSite|WebPage|Article|BreadcrumbList","","keep"
"https://brollyexamprep.com/entrance-exams/mba/nmat/syllabus/","true","628","7","189","1","3","0","0","0","Organization|WebSite|WebPage|Article|BreadcrumbList","","keep"
"https://brollyexamprep.com/entrance-exams/mba/snap/","true","1097","1034","189","1","3","0","0","0","Organization|WebSite|WebPage|Article|FAQPage|BreadcrumbList","","keep"
"https://brollyexamprep.com/entrance-exams/mba/snap/exam-pattern/","true","696","7","189","1","3","0","0","0","Organization|WebSite|WebPage|Article|BreadcrumbList","","keep"
"https://brollyexamprep.com/entrance-exams/mba/snap/mock-tests/","true","697","7","189","1","3","0","0","0","Organization|WebSite|WebPage|Article|BreadcrumbList","","keep"
"https://brollyexamprep.com/entrance-exams/mba/snap/preparation/","true","718","7","189","1","3","0","0","0","Organization|WebSite|WebPage|Article|BreadcrumbList","","keep"
"https://brollyexamprep.com/entrance-exams/mba/snap/previous-year-papers/","true","663","7","189","1","3","0","0","0","Organization|WebSite|WebPage|Article|BreadcrumbList","","keep"
"https://brollyexamprep.com/entrance-exams/mba/snap/study-material/","true","731","7","189","1","3","0","0","0","Organization|WebSite|WebPage|Article|BreadcrumbList","","keep"
"https://brollyexamprep.com/entrance-exams/mba/snap/syllabus/","true","603","7","189","1","3","0","0","0","Organization|WebSite|WebPage|Article|BreadcrumbList","","keep"
"https://brollyexamprep.com/entrance-exams/mba/xat/","true","1163","1034","189","1","3","0","0","0","Organization|WebSite|WebPage|Article|FAQPage|BreadcrumbList","","keep"
"https://brollyexamprep.com/entrance-exams/mba/xat/exam-pattern/","true","777","7","189","1","3","0","0","0","Organization|WebSite|WebPage|Article|BreadcrumbList","","keep"
"https://brollyexamprep.com/entrance-exams/mba/xat/mock-tests/","true","774","7","189","1","3","0","0","0","Organization|WebSite|WebPage|Article|BreadcrumbList","","keep"
"https://brollyexamprep.com/entrance-exams/mba/xat/preparation/","true","741","7","189","1","3","0","0","0","Organization|WebSite|WebPage|Article|BreadcrumbList","","keep"
"https://brollyexamprep.com/entrance-exams/mba/xat/previous-year-papers/","true","736","7","189","1","3","0","0","0","Organization|WebSite|WebPage|Article|BreadcrumbList","","keep"
"https://brollyexamprep.com/entrance-exams/mba/xat/study-material/","true","782","7","189","1","3","0","0","0","Organization|WebSite|WebPage|Article|BreadcrumbList","","keep"
"https://brollyexamprep.com/entrance-exams/mba/xat/syllabus/","true","777","7","189","1","3","0","0","0","Organization|WebSite|WebPage|Article|BreadcrumbList","","keep"
"https://brollyexamprep.com/entrance-exams/medical/","true","794","1034","183","1","3","0","0","0","Organization|WebSite|WebPage|CollectionPage|FAQPage|BreadcrumbList","","keep"
"https://brollyexamprep.com/entrance-exams/medical/ini-cet/","true","1092","1034","189","1","3","0","0","0","Organization|WebSite|WebPage|Article|FAQPage|BreadcrumbList","","keep"
"https://brollyexamprep.com/entrance-exams/medical/ini-cet/exam-pattern/","true","793","7","189","1","3","0","0","0","Organization|WebSite|WebPage|Article|BreadcrumbList","","keep"
"https://brollyexamprep.com/entrance-exams/medical/ini-cet/mock-tests/","true","704","7","189","1","3","0","0","0","Organization|WebSite|WebPage|Article|BreadcrumbList","","keep"
"https://brollyexamprep.com/entrance-exams/medical/ini-cet/preparation/","true","755","7","189","1","3","0","0","0","Organization|WebSite|WebPage|Article|BreadcrumbList","","keep"
"https://brollyexamprep.com/entrance-exams/medical/ini-cet/previous-year-papers/","true","696","7","189","1","3","0","0","0","Organization|WebSite|WebPage|Article|BreadcrumbList","","keep"
"https://brollyexamprep.com/entrance-exams/medical/ini-cet/study-material/","true","777","7","190","1","3","0","0","0","Organization|WebSite|WebPage|Article|BreadcrumbList","","keep"
"https://brollyexamprep.com/entrance-exams/medical/ini-cet/syllabus/","true","625","7","189","1","3","0","0","0","Organization|WebSite|WebPage|Article|BreadcrumbList","","keep"
"https://brollyexamprep.com/entrance-exams/medical/neet-pg/","true","1170","1034","189","1","3","0","0","0","Organization|WebSite|WebPage|Article|FAQPage|BreadcrumbList","","keep"
"https://brollyexamprep.com/entrance-exams/medical/neet-pg/exam-pattern/","true","782","7","189","1","3","0","0","0","Organization|WebSite|WebPage|Article|BreadcrumbList","","keep"
"https://brollyexamprep.com/entrance-exams/medical/neet-pg/mock-tests/","true","748","7","189","1","3","0","0","0","Organization|WebSite|WebPage|Article|BreadcrumbList","","keep"
"https://brollyexamprep.com/entrance-exams/medical/neet-pg/preparation/","true","770","7","189","1","3","0","0","0","Organization|WebSite|WebPage|Article|BreadcrumbList","","keep"
"https://brollyexamprep.com/entrance-exams/medical/neet-pg/previous-year-papers/","true","705","7","189","1","3","0","0","0","Organization|WebSite|WebPage|Article|BreadcrumbList","","keep"
"https://brollyexamprep.com/entrance-exams/medical/neet-pg/study-material/","true","793","7","189","1","3","0","0","0","Organization|WebSite|WebPage|Article|BreadcrumbList","","keep"
"https://brollyexamprep.com/entrance-exams/medical/neet-pg/syllabus/","true","692","7","189","1","3","0","0","0","Organization|WebSite|WebPage|Article|BreadcrumbList","","keep"
"https://brollyexamprep.com/entrance-exams/medical/neet-ug/","true","1132","1034","189","1","3","0","0","0","Organization|WebSite|WebPage|Article|FAQPage|BreadcrumbList","","keep"
"https://brollyexamprep.com/entrance-exams/medical/neet-ug/exam-pattern/","true","764","7","189","1","3","0","0","0","Organization|WebSite|WebPage|Article|BreadcrumbList","","keep"
"https://brollyexamprep.com/entrance-exams/medical/neet-ug/mock-tests/","true","833","7","189","1","3","0","0","0","Organization|WebSite|WebPage|Article|BreadcrumbList","","keep"
"https://brollyexamprep.com/entrance-exams/medical/neet-ug/preparation/","true","817","7","189","1","3","0","0","0","Organization|WebSite|WebPage|Article|BreadcrumbList","","keep"
"https://brollyexamprep.com/entrance-exams/medical/neet-ug/previous-year-papers/","true","714","7","189","1","3","0","0","0","Organization|WebSite|WebPage|Article|BreadcrumbList","","keep"
"https://brollyexamprep.com/entrance-exams/medical/neet-ug/study-material/","true","787","7","189","1","3","0","0","0","Organization|WebSite|WebPage|Article|BreadcrumbList","","keep"
"https://brollyexamprep.com/entrance-exams/medical/neet-ug/syllabus/","true","763","7","189","1","3","0","0","0","Organization|WebSite|WebPage|Article|BreadcrumbList","","keep"
"https://brollyexamprep.com/entrance-exams/pg-research/","true","852","16","183","1","3","0","0","0","Organization|WebSite|WebPage|CollectionPage|FAQPage|BreadcrumbList","","keep"
"https://brollyexamprep.com/entrance-exams/pg-research/gate/","true","1195","1034","190","1","3","0","0","0","Organization|WebSite|WebPage|Article|FAQPage|BreadcrumbList","","keep"
"https://brollyexamprep.com/entrance-exams/pg-research/gate/exam-pattern/","true","760","7","190","1","3","0","0","0","Organization|WebSite|WebPage|Article|BreadcrumbList","","keep"
"https://brollyexamprep.com/entrance-exams/pg-research/gate/mock-tests/","true","731","7","190","1","3","0","0","0","Organization|WebSite|WebPage|Article|BreadcrumbList","","keep"
"https://brollyexamprep.com/entrance-exams/pg-research/gate/preparation/","true","756","7","190","1","3","0","0","0","Organization|WebSite|WebPage|Article|BreadcrumbList","","keep"
"https://brollyexamprep.com/entrance-exams/pg-research/gate/previous-year-papers/","true","713","7","190","1","3","0","0","0","Organization|WebSite|WebPage|Article|BreadcrumbList","","keep"
"https://brollyexamprep.com/entrance-exams/pg-research/gate/study-material/","true","768","7","190","1","3","0","0","0","Organization|WebSite|WebPage|Article|BreadcrumbList","","keep"
"https://brollyexamprep.com/entrance-exams/pg-research/gate/syllabus/","true","754","7","190","1","3","0","0","0","Organization|WebSite|WebPage|Article|BreadcrumbList","","keep"
"https://brollyexamprep.com/entrance-exams/pg-research/iit-jam/","true","1155","1034","190","1","3","0","0","0","Organization|WebSite|WebPage|Article|FAQPage|BreadcrumbList","","keep"
"https://brollyexamprep.com/entrance-exams/pg-research/iit-jam/exam-pattern/","true","725","7","190","1","3","0","0","0","Organization|WebSite|WebPage|Article|BreadcrumbList","","keep"
"https://brollyexamprep.com/entrance-exams/pg-research/iit-jam/mock-tests/","true","719","7","190","1","3","0","0","0","Organization|WebSite|WebPage|Article|BreadcrumbList","","keep"
"https://brollyexamprep.com/entrance-exams/pg-research/iit-jam/preparation/","true","763","7","190","1","3","0","0","0","Organization|WebSite|WebPage|Article|BreadcrumbList","","keep"
"https://brollyexamprep.com/entrance-exams/pg-research/iit-jam/previous-year-papers/","true","688","7","190","1","3","0","0","0","Organization|WebSite|WebPage|Article|BreadcrumbList","","keep"
"https://brollyexamprep.com/entrance-exams/pg-research/iit-jam/study-material/","true","759","7","190","1","3","0","0","0","Organization|WebSite|WebPage|Article|BreadcrumbList","","keep"
"https://brollyexamprep.com/entrance-exams/pg-research/iit-jam/syllabus/","true","665","7","190","1","3","0","0","0","Organization|WebSite|WebPage|Article|BreadcrumbList","","keep"
"https://brollyexamprep.com/entrance-exams/university/","true","812","1034","183","1","3","0","0","0","Organization|WebSite|WebPage|CollectionPage|FAQPage|BreadcrumbList","","keep"
"https://brollyexamprep.com/entrance-exams/university/cuet-pg/","true","1131","1034","189","1","3","0","0","0","Organization|WebSite|WebPage|Article|FAQPage|BreadcrumbList","","keep"
"https://brollyexamprep.com/entrance-exams/university/cuet-pg/exam-pattern/","true","710","7","189","1","3","0","0","0","Organization|WebSite|WebPage|Article|BreadcrumbList","","keep"
"https://brollyexamprep.com/entrance-exams/university/cuet-pg/mock-tests/","true","811","7","189","1","3","0","0","0","Organization|WebSite|WebPage|Article|BreadcrumbList","","keep"
"https://brollyexamprep.com/entrance-exams/university/cuet-pg/preparation/","true","735","7","189","1","3","0","0","0","Organization|WebSite|WebPage|Article|BreadcrumbList","","keep"
"https://brollyexamprep.com/entrance-exams/university/cuet-pg/previous-year-papers/","true","667","7","189","1","3","0","0","0","Organization|WebSite|WebPage|Article|BreadcrumbList","","keep"
"https://brollyexamprep.com/entrance-exams/university/cuet-pg/study-material/","true","779","7","189","1","3","0","0","0","Organization|WebSite|WebPage|Article|BreadcrumbList","","keep"
"https://brollyexamprep.com/entrance-exams/university/cuet-pg/syllabus/","true","707","7","189","1","3","0","0","0","Organization|WebSite|WebPage|Article|BreadcrumbList","","keep"
"https://brollyexamprep.com/entrance-exams/university/cuet-ug/","true","1196","1034","189","1","3","0","0","0","Organization|WebSite|WebPage|Article|FAQPage|BreadcrumbList","","keep"
"https://brollyexamprep.com/entrance-exams/university/cuet-ug/exam-pattern/","true","790","7","189","1","3","0","0","0","Organization|WebSite|WebPage|Article|BreadcrumbList","","keep"
"https://brollyexamprep.com/entrance-exams/university/cuet-ug/mock-tests/","true","803","7","189","1","3","0","0","0","Organization|WebSite|WebPage|Article|BreadcrumbList","","keep"
"https://brollyexamprep.com/entrance-exams/university/cuet-ug/preparation/","true","771","7","189","1","3","0","0","0","Organization|WebSite|WebPage|Article|BreadcrumbList","","keep"
"https://brollyexamprep.com/entrance-exams/university/cuet-ug/previous-year-papers/","true","706","7","189","1","3","0","0","0","Organization|WebSite|WebPage|Article|BreadcrumbList","","keep"
"https://brollyexamprep.com/entrance-exams/university/cuet-ug/study-material/","true","792","7","189","1","3","0","0","0","Organization|WebSite|WebPage|Article|BreadcrumbList","","keep"
"https://brollyexamprep.com/entrance-exams/university/cuet-ug/syllabus/","true","724","7","189","1","3","0","0","0","Organization|WebSite|WebPage|Article|BreadcrumbList","","keep"
"https://brollyexamprep.com/exam-calendar/","true","766","1034","183","1","3","0","0","0","Organization|WebSite|WebPage|CollectionPage|FAQPage|BreadcrumbList","","keep"
"https://brollyexamprep.com/exam-updates/","true","1043","1034","184","1","3","0","0","0","Organization|WebSite|WebPage|BreadcrumbList","","keep"
"https://brollyexamprep.com/exam-updates/admit-cards/","true","801","1034","183","1","3","0","0","0","Organization|WebSite|WebPage|CollectionPage|FAQPage|BreadcrumbList","","keep"
"https://brollyexamprep.com/exam-updates/answer-keys/","true","789","1034","183","1","3","0","0","0","Organization|WebSite|WebPage|CollectionPage|FAQPage|BreadcrumbList","","keep"
"https://brollyexamprep.com/exam-updates/application-forms/","true","758","1034","183","1","3","0","0","0","Organization|WebSite|WebPage|CollectionPage|FAQPage|BreadcrumbList","","keep"
"https://brollyexamprep.com/exam-updates/banking/","true","707","1034","183","1","3","0","0","0","Organization|WebSite|WebPage|CollectionPage|FAQPage|BreadcrumbList","","keep"
"https://brollyexamprep.com/exam-updates/cut-offs/","true","750","1034","183","1","3","0","0","0","Organization|WebSite|WebPage|CollectionPage|FAQPage|BreadcrumbList","","keep"
"https://brollyexamprep.com/exam-updates/exam-dates/","true","781","1034","183","1","3","0","0","0","Organization|WebSite|WebPage|CollectionPage|FAQPage|BreadcrumbList","","keep"
"https://brollyexamprep.com/exam-updates/latest-notifications/","true","775","1034","183","1","3","0","0","0","Organization|WebSite|WebPage|CollectionPage|FAQPage|BreadcrumbList","","keep"
"https://brollyexamprep.com/exam-updates/railways/","true","700","1034","183","1","3","0","0","0","Organization|WebSite|WebPage|CollectionPage|FAQPage|BreadcrumbList","","keep"
"https://brollyexamprep.com/exam-updates/results/","true","739","1034","183","1","3","0","0","0","Organization|WebSite|WebPage|CollectionPage|FAQPage|BreadcrumbList","","keep"
"https://brollyexamprep.com/exam-updates/ssc/","true","688","1034","183","1","3","0","0","0","Organization|WebSite|WebPage|CollectionPage|FAQPage|BreadcrumbList","","keep"
"https://brollyexamprep.com/exam-updates/state/","true","699","1034","183","1","3","0","0","0","Organization|WebSite|WebPage|CollectionPage|FAQPage|BreadcrumbList","","keep"
"https://brollyexamprep.com/exam-updates/upsc/","true","679","1034","183","1","3","0","0","0","Organization|WebSite|WebPage|CollectionPage|FAQPage|BreadcrumbList","","keep"
"https://brollyexamprep.com/exam-updates/vacancies/","true","706","1034","183","1","3","0","0","0","Organization|WebSite|WebPage|CollectionPage|FAQPage|BreadcrumbList","","keep"
"https://brollyexamprep.com/faculty/","true","921","1034","183","1","3","0","0","0","Organization|WebSite|WebPage|BreadcrumbList","","keep"
"https://brollyexamprep.com/government-exams/","true","849","1034","362","1","3","0","0","0","Organization|WebSite|WebPage|BreadcrumbList","","keep"
"https://brollyexamprep.com/government-exams/agriculture/","true","802","1034","183","1","3","0","0","0","Organization|WebSite|WebPage|CollectionPage|FAQPage|BreadcrumbList","","keep"
"https://brollyexamprep.com/government-exams/banking/","true","1007","1034","220","1","3","0","0","0","Organization|WebSite|WebPage|CollectionPage|FAQPage|BreadcrumbList","","keep"
"https://brollyexamprep.com/government-exams/banking/ibps-clerk/","true","1055","1034","189","1","3","0","0","0","Organization|WebSite|WebPage|Article|FAQPage|BreadcrumbList","","keep"
"https://brollyexamprep.com/government-exams/banking/ibps-clerk/exam-pattern/","true","705","10","189","1","3","0","0","0","Organization|WebSite|WebPage|Article|BreadcrumbList","","keep"
"https://brollyexamprep.com/government-exams/banking/ibps-clerk/mock-tests/","true","816","10","189","1","3","0","0","0","Organization|WebSite|WebPage|Article|BreadcrumbList","","keep"
"https://brollyexamprep.com/government-exams/banking/ibps-clerk/preparation/","true","726","10","189","1","3","0","0","0","Organization|WebSite|WebPage|Article|BreadcrumbList","","keep"
"https://brollyexamprep.com/government-exams/banking/ibps-clerk/previous-year-papers/","true","734","10","190","1","3","0","0","0","Organization|WebSite|WebPage|Article|BreadcrumbList","","keep"
"https://brollyexamprep.com/government-exams/banking/ibps-clerk/study-material/","true","781","10","189","1","3","0","0","0","Organization|WebSite|WebPage|Article|BreadcrumbList","","keep"
"https://brollyexamprep.com/government-exams/banking/ibps-clerk/syllabus/","true","758","10","189","1","3","0","0","0","Organization|WebSite|WebPage|Article|BreadcrumbList","","keep"
"https://brollyexamprep.com/government-exams/banking/ibps-po/","true","1172","1034","189","1","3","0","0","0","Organization|WebSite|WebPage|Article|FAQPage|BreadcrumbList","","keep"
"https://brollyexamprep.com/government-exams/banking/ibps-po/exam-pattern/","true","890","10","189","1","3","0","0","0","Organization|WebSite|WebPage|Article|BreadcrumbList","","keep"
"https://brollyexamprep.com/government-exams/banking/ibps-po/mock-tests/","true","862","10","191","1","3","0","0","0","Organization|WebSite|WebPage|Article|BreadcrumbList","","keep"
"https://brollyexamprep.com/government-exams/banking/ibps-po/preparation/","true","858","10","189","1","3","0","0","0","Organization|WebSite|WebPage|Article|BreadcrumbList","","keep"
"https://brollyexamprep.com/government-exams/banking/ibps-po/previous-year-papers/","true","706","10","190","1","3","0","0","0","Organization|WebSite|WebPage|Article|BreadcrumbList","","keep"
"https://brollyexamprep.com/government-exams/banking/ibps-po/study-material/","true","857","10","189","1","3","0","0","0","Organization|WebSite|WebPage|Article|BreadcrumbList","","keep"
"https://brollyexamprep.com/government-exams/banking/ibps-po/syllabus/","true","592","10","189","1","3","0","0","0","Organization|WebSite|WebPage|Article|BreadcrumbList","","keep"
"https://brollyexamprep.com/government-exams/banking/ibps-rrb/","true","1165","1034","189","1","3","0","0","0","Organization|WebSite|WebPage|Article|FAQPage|BreadcrumbList","","keep"
"https://brollyexamprep.com/government-exams/banking/ibps-rrb/exam-pattern/","true","839","10","189","1","3","0","0","0","Organization|WebSite|WebPage|Article|BreadcrumbList","","keep"
"https://brollyexamprep.com/government-exams/banking/ibps-rrb/mock-tests/","true","845","10","189","1","3","0","0","0","Organization|WebSite|WebPage|Article|BreadcrumbList","","keep"
"https://brollyexamprep.com/government-exams/banking/ibps-rrb/preparation/","true","841","10","189","1","3","0","0","0","Organization|WebSite|WebPage|Article|BreadcrumbList","","keep"
"https://brollyexamprep.com/government-exams/banking/ibps-rrb/previous-year-papers/","true","737","10","190","1","3","0","0","0","Organization|WebSite|WebPage|Article|BreadcrumbList","","keep"
"https://brollyexamprep.com/government-exams/banking/ibps-rrb/study-material/","true","802","10","189","1","3","0","0","0","Organization|WebSite|WebPage|Article|BreadcrumbList","","keep"
"https://brollyexamprep.com/government-exams/banking/ibps-rrb/syllabus/","true","771","10","189","1","3","0","0","0","Organization|WebSite|WebPage|Article|BreadcrumbList","","keep"
"https://brollyexamprep.com/government-exams/banking/rbi-grade-b/","true","1304","11","189","1","3","0","0","0","Organization|WebSite|WebPage|Article|FAQPage|BreadcrumbList","","keep"
"https://brollyexamprep.com/government-exams/banking/rbi-grade-b/exam-pattern/","true","846","10","190","1","3","0","0","0","Organization|WebSite|WebPage|Article|BreadcrumbList","","keep"
"https://brollyexamprep.com/government-exams/banking/rbi-grade-b/mock-tests/","true","900","10","190","1","3","0","0","0","Organization|WebSite|WebPage|Article|BreadcrumbList","","keep"
"https://brollyexamprep.com/government-exams/banking/rbi-grade-b/preparation/","true","610","10","190","1","3","0","0","0","Organization|WebSite|WebPage|Article|BreadcrumbList","","keep"
"https://brollyexamprep.com/government-exams/banking/rbi-grade-b/previous-year-papers/","true","833","10","190","1","3","0","0","0","Organization|WebSite|WebPage|Article|BreadcrumbList","","keep"
"https://brollyexamprep.com/government-exams/banking/rbi-grade-b/study-material/","true","911","10","190","1","3","0","0","0","Organization|WebSite|WebPage|Article|BreadcrumbList","","keep"
"https://brollyexamprep.com/government-exams/banking/rbi-grade-b/syllabus/","true","722","10","190","1","3","0","0","0","Organization|WebSite|WebPage|Article|BreadcrumbList","","keep"
"https://brollyexamprep.com/government-exams/banking/sbi-clerk/","true","1063","1034","189","1","3","0","0","0","Organization|WebSite|WebPage|Article|FAQPage|BreadcrumbList","","keep"
"https://brollyexamprep.com/government-exams/banking/sbi-clerk/exam-pattern/","true","697","10","189","1","3","0","0","0","Organization|WebSite|WebPage|Article|BreadcrumbList","","keep"
"https://brollyexamprep.com/government-exams/banking/sbi-clerk/mock-tests/","true","753","10","189","1","3","0","0","0","Organization|WebSite|WebPage|Article|BreadcrumbList","","keep"
"https://brollyexamprep.com/government-exams/banking/sbi-clerk/preparation/","true","783","10","189","1","3","0","0","0","Organization|WebSite|WebPage|Article|BreadcrumbList","","keep"
"https://brollyexamprep.com/government-exams/banking/sbi-clerk/previous-year-papers/","true","707","10","190","1","3","0","0","0","Organization|WebSite|WebPage|Article|BreadcrumbList","","keep"
"https://brollyexamprep.com/government-exams/banking/sbi-clerk/study-material/","true","849","10","189","1","3","0","0","0","Organization|WebSite|WebPage|Article|BreadcrumbList","","keep"
"https://brollyexamprep.com/government-exams/banking/sbi-clerk/syllabus/","true","609","10","189","1","3","0","0","0","Organization|WebSite|WebPage|Article|BreadcrumbList","","keep"
"https://brollyexamprep.com/government-exams/banking/sbi-po/","true","1214","1034","189","1","3","0","0","0","Organization|WebSite|WebPage|Article|FAQPage|BreadcrumbList","","keep"
"https://brollyexamprep.com/government-exams/banking/sbi-po/exam-pattern/","true","820","10","189","1","3","0","0","0","Organization|WebSite|WebPage|Article|BreadcrumbList","","keep"
"https://brollyexamprep.com/government-exams/banking/sbi-po/mock-tests/","true","905","10","190","1","3","0","0","0","Organization|WebSite|WebPage|Article|BreadcrumbList","","keep"
"https://brollyexamprep.com/government-exams/banking/sbi-po/preparation/","true","814","10","189","1","3","0","0","0","Organization|WebSite|WebPage|Article|BreadcrumbList","","keep"
"https://brollyexamprep.com/government-exams/banking/sbi-po/previous-year-papers/","true","799","10","191","1","3","0","0","0","Organization|WebSite|WebPage|Article|BreadcrumbList","","keep"
"https://brollyexamprep.com/government-exams/banking/sbi-po/study-material/","true","839","10","189","1","3","0","0","0","Organization|WebSite|WebPage|Article|BreadcrumbList","","keep"
"https://brollyexamprep.com/government-exams/banking/sbi-po/syllabus/","true","721","10","189","1","3","0","0","0","Organization|WebSite|WebPage|Article|BreadcrumbList","","keep"
"https://brollyexamprep.com/government-exams/defence/","true","1109","1034","209","1","3","0","0","0","Organization|WebSite|WebPage|CollectionPage|FAQPage|BreadcrumbList","","keep"
"https://brollyexamprep.com/government-exams/defence/afcat/","true","1156","9","189","1","3","0","0","0","Organization|WebSite|WebPage|Article|FAQPage|BreadcrumbList","","keep"
"https://brollyexamprep.com/government-exams/defence/afcat/exam-pattern/","true","783","10","190","1","3","0","0","0","Organization|WebSite|WebPage|Article|BreadcrumbList","","keep"
"https://brollyexamprep.com/government-exams/defence/afcat/mock-tests/","true","776","10","191","1","3","0","0","0","Organization|WebSite|WebPage|Article|BreadcrumbList","","keep"
"https://brollyexamprep.com/government-exams/defence/afcat/preparation/","true","810","10","190","1","3","0","0","0","Organization|WebSite|WebPage|Article|BreadcrumbList","","keep"
"https://brollyexamprep.com/government-exams/defence/afcat/previous-year-papers/","true","638","10","190","1","3","0","0","0","Organization|WebSite|WebPage|Article|BreadcrumbList","","keep"
"https://brollyexamprep.com/government-exams/defence/afcat/study-material/","true","766","10","190","1","3","0","0","0","Organization|WebSite|WebPage|Article|BreadcrumbList","","keep"
"https://brollyexamprep.com/government-exams/defence/afcat/syllabus/","true","688","10","190","1","3","0","0","0","Organization|WebSite|WebPage|Article|BreadcrumbList","","keep"
"https://brollyexamprep.com/government-exams/defence/agniveer/","true","1281","9","189","1","3","0","0","0","Organization|WebSite|WebPage|Article|FAQPage|BreadcrumbList","","keep"
"https://brollyexamprep.com/government-exams/defence/agniveer/exam-pattern/","true","801","10","190","1","3","0","0","0","Organization|WebSite|WebPage|Article|BreadcrumbList","","keep"
"https://brollyexamprep.com/government-exams/defence/agniveer/mock-tests/","true","750","10","190","1","3","0","0","0","Organization|WebSite|WebPage|Article|BreadcrumbList","","keep"
"https://brollyexamprep.com/government-exams/defence/agniveer/preparation/","true","776","10","190","1","3","0","0","0","Organization|WebSite|WebPage|Article|BreadcrumbList","","keep"
"https://brollyexamprep.com/government-exams/defence/agniveer/previous-year-papers/","true","672","10","190","1","3","0","0","0","Organization|WebSite|WebPage|Article|BreadcrumbList","","keep"
"https://brollyexamprep.com/government-exams/defence/agniveer/study-material/","true","763","10","190","1","3","0","0","0","Organization|WebSite|WebPage|Article|BreadcrumbList","","keep"
"https://brollyexamprep.com/government-exams/defence/agniveer/syllabus/","true","707","10","190","1","3","0","0","0","Organization|WebSite|WebPage|Article|BreadcrumbList","","keep"
"https://brollyexamprep.com/government-exams/engineering-psu/","true","891","1034","183","1","3","0","0","0","Organization|WebSite|WebPage|CollectionPage|FAQPage|BreadcrumbList","","keep"
"https://brollyexamprep.com/government-exams/healthcare/","true","770","1034","183","1","3","0","0","0","Organization|WebSite|WebPage|CollectionPage|FAQPage|BreadcrumbList","","keep"
"https://brollyexamprep.com/government-exams/insurance/","true","771","1034","183","1","3","0","0","0","Organization|WebSite|WebPage|CollectionPage|FAQPage|BreadcrumbList","","keep"
"https://brollyexamprep.com/government-exams/judiciary/","true","857","1034","183","1","3","0","0","0","Organization|WebSite|WebPage|CollectionPage|FAQPage|BreadcrumbList","","keep"
"https://brollyexamprep.com/government-exams/police/","true","859","1034","183","1","3","0","0","0","Organization|WebSite|WebPage|CollectionPage|FAQPage|BreadcrumbList","","keep"
"https://brollyexamprep.com/government-exams/police/exam-pattern/","true","843","6","189","1","3","0","0","0","Organization|WebSite|WebPage|Article|BreadcrumbList","","keep"
"https://brollyexamprep.com/government-exams/police/mock-tests/","true","810","6","189","1","3","0","0","0","Organization|WebSite|WebPage|Article|BreadcrumbList","","keep"
"https://brollyexamprep.com/government-exams/police/preparation/","true","850","6","189","1","3","0","0","0","Organization|WebSite|WebPage|Article|BreadcrumbList","","keep"
"https://brollyexamprep.com/government-exams/police/previous-year-papers/","true","704","9","189","1","3","0","0","0","Organization|WebSite|WebPage|Article|BreadcrumbList","","keep"
"https://brollyexamprep.com/government-exams/police/study-material/","true","889","6","189","1","3","0","0","0","Organization|WebSite|WebPage|Article|BreadcrumbList","","keep"
"https://brollyexamprep.com/government-exams/police/syllabus/","true","681","6","189","1","3","0","0","0","Organization|WebSite|WebPage|Article|BreadcrumbList","","keep"
"https://brollyexamprep.com/government-exams/railways/","true","1029","1034","213","1","3","0","0","0","Organization|WebSite|WebPage|CollectionPage|FAQPage|BreadcrumbList","","keep"
"https://brollyexamprep.com/government-exams/railways/rpf/","true","1102","1034","189","1","3","0","0","0","Organization|WebSite|WebPage|Article|FAQPage|BreadcrumbList","","keep"
"https://brollyexamprep.com/government-exams/railways/rpf/exam-pattern/","true","734","10","189","1","3","0","0","0","Organization|WebSite|WebPage|Article|BreadcrumbList","","keep"
"https://brollyexamprep.com/government-exams/railways/rpf/mock-tests/","true","750","10","189","1","3","0","0","0","Organization|WebSite|WebPage|Article|BreadcrumbList","","keep"
"https://brollyexamprep.com/government-exams/railways/rpf/preparation/","true","759","10","189","1","3","0","0","0","Organization|WebSite|WebPage|Article|BreadcrumbList","","keep"
"https://brollyexamprep.com/government-exams/railways/rpf/previous-year-papers/","true","671","10","189","1","3","0","0","0","Organization|WebSite|WebPage|Article|BreadcrumbList","","keep"
"https://brollyexamprep.com/government-exams/railways/rpf/study-material/","true","734","10","189","1","3","0","0","0","Organization|WebSite|WebPage|Article|BreadcrumbList","","keep"
"https://brollyexamprep.com/government-exams/railways/rpf/syllabus/","true","663","10","189","1","3","0","0","0","Organization|WebSite|WebPage|Article|BreadcrumbList","","keep"
"https://brollyexamprep.com/government-exams/railways/rrb-alp/","true","1291","1034","189","1","3","0","0","0","Organization|WebSite|WebPage|Article|FAQPage|BreadcrumbList","","keep"
"https://brollyexamprep.com/government-exams/railways/rrb-alp/exam-pattern/","true","849","10","189","1","3","0","0","0","Organization|WebSite|WebPage|Article|BreadcrumbList","","keep"
"https://brollyexamprep.com/government-exams/railways/rrb-alp/mock-tests/","true","802","10","189","1","3","0","0","0","Organization|WebSite|WebPage|Article|BreadcrumbList","","keep"
"https://brollyexamprep.com/government-exams/railways/rrb-alp/preparation/","true","816","10","189","1","3","0","0","0","Organization|WebSite|WebPage|Article|BreadcrumbList","","keep"
"https://brollyexamprep.com/government-exams/railways/rrb-alp/previous-year-papers/","true","743","10","189","1","3","0","0","0","Organization|WebSite|WebPage|Article|BreadcrumbList","","keep"
"https://brollyexamprep.com/government-exams/railways/rrb-alp/study-material/","true","818","10","189","1","3","0","0","0","Organization|WebSite|WebPage|Article|BreadcrumbList","","keep"
"https://brollyexamprep.com/government-exams/railways/rrb-alp/syllabus/","true","724","10","189","1","3","0","0","0","Organization|WebSite|WebPage|Article|BreadcrumbList","","keep"
"https://brollyexamprep.com/government-exams/railways/rrb-group-d/","true","1163","1034","189","1","3","0","0","0","Organization|WebSite|WebPage|Article|FAQPage|BreadcrumbList","","keep"
"https://brollyexamprep.com/government-exams/railways/rrb-group-d/exam-pattern/","true","788","10","189","1","3","0","0","0","Organization|WebSite|WebPage|Article|BreadcrumbList","","keep"
"https://brollyexamprep.com/government-exams/railways/rrb-group-d/mock-tests/","true","862","10","189","1","3","0","0","0","Organization|WebSite|WebPage|Article|BreadcrumbList","","keep"
"https://brollyexamprep.com/government-exams/railways/rrb-group-d/preparation/","true","782","10","189","1","3","0","0","0","Organization|WebSite|WebPage|Article|BreadcrumbList","","keep"
"https://brollyexamprep.com/government-exams/railways/rrb-group-d/previous-year-papers/","true","725","10","189","1","3","0","0","0","Organization|WebSite|WebPage|Article|BreadcrumbList","","keep"
"https://brollyexamprep.com/government-exams/railways/rrb-group-d/study-material/","true","799","10","189","1","3","0","0","0","Organization|WebSite|WebPage|Article|BreadcrumbList","","keep"
"https://brollyexamprep.com/government-exams/railways/rrb-group-d/syllabus/","true","750","10","189","1","3","0","0","0","Organization|WebSite|WebPage|Article|BreadcrumbList","","keep"
"https://brollyexamprep.com/government-exams/railways/rrb-je/","true","1153","1034","189","1","3","0","0","0","Organization|WebSite|WebPage|Article|FAQPage|BreadcrumbList","","keep"
"https://brollyexamprep.com/government-exams/railways/rrb-je/exam-pattern/","true","823","10","189","1","3","0","0","0","Organization|WebSite|WebPage|Article|BreadcrumbList","","keep"
"https://brollyexamprep.com/government-exams/railways/rrb-je/mock-tests/","true","784","10","189","1","3","0","0","0","Organization|WebSite|WebPage|Article|BreadcrumbList","","keep"
"https://brollyexamprep.com/government-exams/railways/rrb-je/preparation/","true","765","10","189","1","3","0","0","0","Organization|WebSite|WebPage|Article|BreadcrumbList","","keep"
"https://brollyexamprep.com/government-exams/railways/rrb-je/previous-year-papers/","true","743","10","189","1","3","0","0","0","Organization|WebSite|WebPage|Article|BreadcrumbList","","keep"
"https://brollyexamprep.com/government-exams/railways/rrb-je/study-material/","true","760","10","189","1","3","0","0","0","Organization|WebSite|WebPage|Article|BreadcrumbList","","keep"
"https://brollyexamprep.com/government-exams/railways/rrb-je/syllabus/","true","691","10","189","1","3","0","0","0","Organization|WebSite|WebPage|Article|BreadcrumbList","","keep"
"https://brollyexamprep.com/government-exams/railways/rrb-ntpc/","true","1212","1034","189","1","3","0","0","0","Organization|WebSite|WebPage|Article|FAQPage|BreadcrumbList","","keep"
"https://brollyexamprep.com/government-exams/railways/rrb-ntpc/exam-pattern/","true","811","10","189","1","3","0","0","0","Organization|WebSite|WebPage|Article|BreadcrumbList","","keep"
"https://brollyexamprep.com/government-exams/railways/rrb-ntpc/mock-tests/","true","866","10","190","1","3","0","0","0","Organization|WebSite|WebPage|Article|BreadcrumbList","","keep"
"https://brollyexamprep.com/government-exams/railways/rrb-ntpc/preparation/","true","839","10","189","1","3","0","0","0","Organization|WebSite|WebPage|Article|BreadcrumbList","","keep"
"https://brollyexamprep.com/government-exams/railways/rrb-ntpc/previous-year-papers/","true","749","10","190","1","3","0","0","0","Organization|WebSite|WebPage|Article|BreadcrumbList","","keep"
"https://brollyexamprep.com/government-exams/railways/rrb-ntpc/study-material/","true","811","10","189","1","3","0","0","0","Organization|WebSite|WebPage|Article|BreadcrumbList","","keep"
"https://brollyexamprep.com/government-exams/railways/rrb-ntpc/syllabus/","true","719","10","189","1","3","0","0","0","Organization|WebSite|WebPage|Article|BreadcrumbList","","keep"
"https://brollyexamprep.com/government-exams/regulatory-bodies/","true","786","1034","184","1","3","0","0","0","Organization|WebSite|WebPage|CollectionPage|FAQPage|BreadcrumbList","","keep"
"https://brollyexamprep.com/government-exams/ssc/","true","1125","1034","219","1","3","0","0","0","Organization|WebSite|WebPage|CollectionPage|FAQPage|BreadcrumbList","","keep"
"https://brollyexamprep.com/government-exams/ssc/ssc-cgl/","true","1355","1034","189","1","3","0","0","0","Organization|WebSite|WebPage|Article|FAQPage|BreadcrumbList","","keep"
"https://brollyexamprep.com/government-exams/ssc/ssc-cgl/exam-pattern/","true","612","10","189","1","3","0","0","0","Organization|WebSite|WebPage|Article|BreadcrumbList","","keep"
"https://brollyexamprep.com/government-exams/ssc/ssc-cgl/mock-tests/","true","986","10","190","1","3","0","0","0","Organization|WebSite|WebPage|Article|BreadcrumbList","","keep"
"https://brollyexamprep.com/government-exams/ssc/ssc-cgl/preparation/","true","617","10","189","1","3","0","0","0","Organization|WebSite|WebPage|Article|BreadcrumbList","","keep"
"https://brollyexamprep.com/government-exams/ssc/ssc-cgl/previous-year-papers/","true","826","10","190","1","3","0","0","0","Organization|WebSite|WebPage|Article|BreadcrumbList","","keep"
"https://brollyexamprep.com/government-exams/ssc/ssc-cgl/study-material/","true","1062","10","189","1","3","0","0","0","Organization|WebSite|WebPage|Article|BreadcrumbList","","keep"
"https://brollyexamprep.com/government-exams/ssc/ssc-cgl/syllabus/","true","702","10","189","1","3","0","0","0","Organization|WebSite|WebPage|Article|BreadcrumbList","","keep"
"https://brollyexamprep.com/government-exams/ssc/ssc-chsl/","true","1087","1034","189","1","3","0","0","0","Organization|WebSite|WebPage|Article|FAQPage|BreadcrumbList","","keep"
"https://brollyexamprep.com/government-exams/ssc/ssc-chsl/exam-pattern/","true","783","10","189","1","3","0","0","0","Organization|WebSite|WebPage|Article|BreadcrumbList","","keep"
"https://brollyexamprep.com/government-exams/ssc/ssc-chsl/mock-tests/","true","845","10","190","1","3","0","0","0","Organization|WebSite|WebPage|Article|BreadcrumbList","","keep"
"https://brollyexamprep.com/government-exams/ssc/ssc-chsl/preparation/","true","824","10","189","1","3","0","0","0","Organization|WebSite|WebPage|Article|BreadcrumbList","","keep"
"https://brollyexamprep.com/government-exams/ssc/ssc-chsl/previous-year-papers/","true","741","10","189","1","3","0","0","0","Organization|WebSite|WebPage|Article|BreadcrumbList","","keep"
"https://brollyexamprep.com/government-exams/ssc/ssc-chsl/study-material/","true","848","10","189","1","3","0","0","0","Organization|WebSite|WebPage|Article|BreadcrumbList","","keep"
"https://brollyexamprep.com/government-exams/ssc/ssc-chsl/syllabus/","true","762","10","189","1","3","0","0","0","Organization|WebSite|WebPage|Article|BreadcrumbList","","keep"
"https://brollyexamprep.com/government-exams/ssc/ssc-cpo/","true","1234","1034","189","1","3","0","0","0","Organization|WebSite|WebPage|Article|FAQPage|BreadcrumbList","","keep"
"https://brollyexamprep.com/government-exams/ssc/ssc-cpo/exam-pattern/","true","765","10","189","1","3","0","0","0","Organization|WebSite|WebPage|Article|BreadcrumbList","","keep"
"https://brollyexamprep.com/government-exams/ssc/ssc-cpo/mock-tests/","true","770","10","189","1","3","0","0","0","Organization|WebSite|WebPage|Article|BreadcrumbList","","keep"
"https://brollyexamprep.com/government-exams/ssc/ssc-cpo/preparation/","true","829","10","189","1","3","0","0","0","Organization|WebSite|WebPage|Article|BreadcrumbList","","keep"
"https://brollyexamprep.com/government-exams/ssc/ssc-cpo/previous-year-papers/","true","699","10","189","1","3","0","0","0","Organization|WebSite|WebPage|Article|BreadcrumbList","","keep"
"https://brollyexamprep.com/government-exams/ssc/ssc-cpo/study-material/","true","815","10","189","1","3","0","0","0","Organization|WebSite|WebPage|Article|BreadcrumbList","","keep"
"https://brollyexamprep.com/government-exams/ssc/ssc-cpo/syllabus/","true","712","10","189","1","3","0","0","0","Organization|WebSite|WebPage|Article|BreadcrumbList","","keep"
"https://brollyexamprep.com/government-exams/ssc/ssc-gd/","true","1234","1034","189","1","3","0","0","0","Organization|WebSite|WebPage|Article|FAQPage|BreadcrumbList","","keep"
"https://brollyexamprep.com/government-exams/ssc/ssc-gd/exam-pattern/","true","814","10","189","1","3","0","0","0","Organization|WebSite|WebPage|Article|BreadcrumbList","","keep"
"https://brollyexamprep.com/government-exams/ssc/ssc-gd/mock-tests/","true","824","10","189","1","3","0","0","0","Organization|WebSite|WebPage|Article|BreadcrumbList","","keep"
"https://brollyexamprep.com/government-exams/ssc/ssc-gd/preparation/","true","827","10","189","1","3","0","0","0","Organization|WebSite|WebPage|Article|BreadcrumbList","","keep"
"https://brollyexamprep.com/government-exams/ssc/ssc-gd/previous-year-papers/","true","734","10","189","1","3","0","0","0","Organization|WebSite|WebPage|Article|BreadcrumbList","","keep"
"https://brollyexamprep.com/government-exams/ssc/ssc-gd/study-material/","true","815","10","189","1","3","0","0","0","Organization|WebSite|WebPage|Article|BreadcrumbList","","keep"
"https://brollyexamprep.com/government-exams/ssc/ssc-gd/syllabus/","true","737","10","189","1","3","0","0","0","Organization|WebSite|WebPage|Article|BreadcrumbList","","keep"
"https://brollyexamprep.com/government-exams/ssc/ssc-je/","true","1091","1034","189","1","3","0","0","0","Organization|WebSite|WebPage|Article|FAQPage|BreadcrumbList","","keep"
"https://brollyexamprep.com/government-exams/ssc/ssc-je/exam-pattern/","true","786","10","189","1","3","0","0","0","Organization|WebSite|WebPage|Article|BreadcrumbList","","keep"
"https://brollyexamprep.com/government-exams/ssc/ssc-je/mock-tests/","true","827","10","189","1","3","0","0","0","Organization|WebSite|WebPage|Article|BreadcrumbList","","keep"
"https://brollyexamprep.com/government-exams/ssc/ssc-je/preparation/","true","799","10","189","1","3","0","0","0","Organization|WebSite|WebPage|Article|BreadcrumbList","","keep"
"https://brollyexamprep.com/government-exams/ssc/ssc-je/previous-year-papers/","true","734","10","189","1","3","0","0","0","Organization|WebSite|WebPage|Article|BreadcrumbList","","keep"
"https://brollyexamprep.com/government-exams/ssc/ssc-je/study-material/","true","849","10","189","1","3","0","0","0","Organization|WebSite|WebPage|Article|BreadcrumbList","","keep"
"https://brollyexamprep.com/government-exams/ssc/ssc-je/syllabus/","true","705","10","189","1","3","0","0","0","Organization|WebSite|WebPage|Article|BreadcrumbList","","keep"
"https://brollyexamprep.com/government-exams/ssc/ssc-mts/","true","1055","1034","189","1","3","0","0","0","Organization|WebSite|WebPage|Article|FAQPage|BreadcrumbList","","keep"
"https://brollyexamprep.com/government-exams/ssc/ssc-mts/exam-pattern/","true","819","10","189","1","3","0","0","0","Organization|WebSite|WebPage|Article|BreadcrumbList","","keep"
"https://brollyexamprep.com/government-exams/ssc/ssc-mts/mock-tests/","true","782","10","189","1","3","0","0","0","Organization|WebSite|WebPage|Article|BreadcrumbList","","keep"
"https://brollyexamprep.com/government-exams/ssc/ssc-mts/preparation/","true","792","10","189","1","3","0","0","0","Organization|WebSite|WebPage|Article|BreadcrumbList","","keep"
"https://brollyexamprep.com/government-exams/ssc/ssc-mts/previous-year-papers/","true","733","10","189","1","3","0","0","0","Organization|WebSite|WebPage|Article|BreadcrumbList","","keep"
"https://brollyexamprep.com/government-exams/ssc/ssc-mts/study-material/","true","805","10","189","1","3","0","0","0","Organization|WebSite|WebPage|Article|BreadcrumbList","","keep"
"https://brollyexamprep.com/government-exams/ssc/ssc-mts/syllabus/","true","764","10","189","1","3","0","0","0","Organization|WebSite|WebPage|Article|BreadcrumbList","","keep"
"https://brollyexamprep.com/government-exams/state/","true","907","1034","183","1","3","0","0","0","Organization|WebSite|WebPage|CollectionPage|FAQPage|BreadcrumbList","","keep"
"https://brollyexamprep.com/government-exams/state/andhra-pradesh/","true","799","1034","195","4","3","0","0","0","Organization|WebSite|WebPage|FAQPage|BreadcrumbList","","keep"
"https://brollyexamprep.com/government-exams/state/andhra-pradesh/andhra-pradesh-police/","true","3577","7","189","11","3","0","0","0","Organization|WebSite|WebPage|Article|FAQPage|BreadcrumbList","","keep"
"https://brollyexamprep.com/government-exams/state/andhra-pradesh/andhra-pradesh-police/exam-pattern/","true","574","7","190","1","3","0","0","0","Organization|WebSite|WebPage|Article|BreadcrumbList","","keep"
"https://brollyexamprep.com/government-exams/state/andhra-pradesh/andhra-pradesh-police/mock-tests/","true","556","7","191","1","3","0","0","0","Organization|WebSite|WebPage|Article|BreadcrumbList","","keep"
"https://brollyexamprep.com/government-exams/state/andhra-pradesh/andhra-pradesh-police/preparation/","true","671","7","190","1","3","0","0","0","Organization|WebSite|WebPage|Article|BreadcrumbList","","keep"
"https://brollyexamprep.com/government-exams/state/andhra-pradesh/andhra-pradesh-police/previous-year-papers/","true","536","7","192","1","3","0","0","0","Organization|WebSite|WebPage|Article|BreadcrumbList","","keep"
"https://brollyexamprep.com/government-exams/state/andhra-pradesh/andhra-pradesh-police/study-material/","true","497","7","190","1","3","0","0","0","Organization|WebSite|WebPage|Article|BreadcrumbList","","keep"
"https://brollyexamprep.com/government-exams/state/andhra-pradesh/andhra-pradesh-police/syllabus/","true","568","7","190","1","3","0","0","0","Organization|WebSite|WebPage|Article|BreadcrumbList","","keep"
"https://brollyexamprep.com/government-exams/state/andhra-pradesh/appsc-group-1/","true","3612","7","189","11","3","0","0","0","Organization|WebSite|WebPage|Article|FAQPage|BreadcrumbList","","keep"
"https://brollyexamprep.com/government-exams/state/andhra-pradesh/appsc-group-1/exam-pattern/","true","540","7","190","1","3","0","0","0","Organization|WebSite|WebPage|Article|BreadcrumbList","","keep"
"https://brollyexamprep.com/government-exams/state/andhra-pradesh/appsc-group-1/mock-tests/","true","465","7","191","1","3","0","0","0","Organization|WebSite|WebPage|Article|BreadcrumbList","","keep"
"https://brollyexamprep.com/government-exams/state/andhra-pradesh/appsc-group-1/preparation/","true","591","7","190","1","3","0","0","0","Organization|WebSite|WebPage|Article|BreadcrumbList","","keep"
"https://brollyexamprep.com/government-exams/state/andhra-pradesh/appsc-group-1/previous-year-papers/","true","568","7","190","4","3","0","0","0","Organization|WebSite|WebPage|Article|BreadcrumbList","","keep"
"https://brollyexamprep.com/government-exams/state/andhra-pradesh/appsc-group-1/study-material/","true","534","7","190","1","3","0","0","0","Organization|WebSite|WebPage|Article|BreadcrumbList","","keep"
"https://brollyexamprep.com/government-exams/state/andhra-pradesh/appsc-group-1/syllabus/","true","664","7","190","2","3","0","0","0","Organization|WebSite|WebPage|Article|BreadcrumbList","","keep"
"https://brollyexamprep.com/government-exams/state/andhra-pradesh/appsc-group-2/","true","3291","7","189","11","3","0","0","0","Organization|WebSite|WebPage|Article|FAQPage|BreadcrumbList","","keep"
"https://brollyexamprep.com/government-exams/state/andhra-pradesh/appsc-group-2/exam-pattern/","true","526","7","190","1","3","0","0","0","Organization|WebSite|WebPage|Article|BreadcrumbList","","keep"
"https://brollyexamprep.com/government-exams/state/andhra-pradesh/appsc-group-2/mock-tests/","true","463","7","191","1","3","0","0","0","Organization|WebSite|WebPage|Article|BreadcrumbList","","keep"
"https://brollyexamprep.com/government-exams/state/andhra-pradesh/appsc-group-2/preparation/","true","568","7","190","1","3","0","0","0","Organization|WebSite|WebPage|Article|BreadcrumbList","","keep"
"https://brollyexamprep.com/government-exams/state/andhra-pradesh/appsc-group-2/previous-year-papers/","true","460","7","190","4","3","0","0","0","Organization|WebSite|WebPage|Article|BreadcrumbList","","keep"
"https://brollyexamprep.com/government-exams/state/andhra-pradesh/appsc-group-2/study-material/","true","495","7","190","1","3","0","0","0","Organization|WebSite|WebPage|Article|BreadcrumbList","","keep"
"https://brollyexamprep.com/government-exams/state/andhra-pradesh/appsc-group-2/syllabus/","true","568","7","190","2","3","0","0","0","Organization|WebSite|WebPage|Article|BreadcrumbList","","keep"
"https://brollyexamprep.com/government-exams/state/andhra-pradesh/appsc-group-3/","true","2973","8","190","10","3","0","0","0","Organization|WebSite|WebPage|Article|FAQPage|BreadcrumbList","","keep"
"https://brollyexamprep.com/government-exams/state/andhra-pradesh/appsc-group-3/exam-pattern/","true","510","8","190","1","3","0","0","0","Organization|WebSite|WebPage|Article|BreadcrumbList","","keep"
"https://brollyexamprep.com/government-exams/state/andhra-pradesh/appsc-group-3/mock-tests/","true","523","8","191","1","3","0","0","0","Organization|WebSite|WebPage|Article|BreadcrumbList","","keep"
"https://brollyexamprep.com/government-exams/state/andhra-pradesh/appsc-group-3/preparation/","true","595","7","190","1","3","0","0","0","Organization|WebSite|WebPage|Article|BreadcrumbList","","keep"
"https://brollyexamprep.com/government-exams/state/andhra-pradesh/appsc-group-3/previous-year-papers/","true","551","8","190","3","3","0","0","0","Organization|WebSite|WebPage|Article|BreadcrumbList","","keep"
"https://brollyexamprep.com/government-exams/state/andhra-pradesh/appsc-group-3/study-material/","true","537","8","191","1","3","0","0","0","Organization|WebSite|WebPage|Article|BreadcrumbList","","keep"
"https://brollyexamprep.com/government-exams/state/andhra-pradesh/appsc-group-3/syllabus/","true","544","8","191","1","3","0","0","0","Organization|WebSite|WebPage|Article|BreadcrumbList","","keep"
"https://brollyexamprep.com/government-exams/state/andhra-pradesh/appsc-group-4/","true","3278","7","189","11","3","0","0","0","Organization|WebSite|WebPage|Article|FAQPage|BreadcrumbList","","keep"
"https://brollyexamprep.com/government-exams/state/andhra-pradesh/appsc-group-4/exam-pattern/","true","534","7","190","1","3","0","0","0","Organization|WebSite|WebPage|Article|BreadcrumbList","","keep"
"https://brollyexamprep.com/government-exams/state/andhra-pradesh/appsc-group-4/mock-tests/","true","536","7","191","1","3","0","0","0","Organization|WebSite|WebPage|Article|BreadcrumbList","","keep"
"https://brollyexamprep.com/government-exams/state/andhra-pradesh/appsc-group-4/preparation/","true","566","7","190","1","3","0","0","0","Organization|WebSite|WebPage|Article|BreadcrumbList","","keep"
"https://brollyexamprep.com/government-exams/state/andhra-pradesh/appsc-group-4/previous-year-papers/","true","467","7","190","3","3","0","0","0","Organization|WebSite|WebPage|Article|BreadcrumbList","","keep"
"https://brollyexamprep.com/government-exams/state/andhra-pradesh/appsc-group-4/study-material/","true","485","7","190","1","3","0","0","0","Organization|WebSite|WebPage|Article|BreadcrumbList","","keep"
"https://brollyexamprep.com/government-exams/state/andhra-pradesh/appsc-group-4/syllabus/","true","503","7","190","1","3","0","0","0","Organization|WebSite|WebPage|Article|BreadcrumbList","","keep"
"https://brollyexamprep.com/government-exams/state/andhra-pradesh/departmental-tests/","true","3066","8","189","13","3","0","0","0","Organization|WebSite|WebPage|Article|FAQPage|BreadcrumbList","","keep"
"https://brollyexamprep.com/government-exams/state/andhra-pradesh/departmental-tests/exam-pattern/","true","518","7","190","1","3","0","0","0","Organization|WebSite|WebPage|Article|BreadcrumbList","","keep"
"https://brollyexamprep.com/government-exams/state/andhra-pradesh/departmental-tests/mock-tests/","true","483","7","190","1","3","0","0","0","Organization|WebSite|WebPage|Article|BreadcrumbList","","keep"
"https://brollyexamprep.com/government-exams/state/andhra-pradesh/departmental-tests/preparation/","true","584","7","190","1","3","0","0","0","Organization|WebSite|WebPage|Article|BreadcrumbList","","keep"
"https://brollyexamprep.com/government-exams/state/andhra-pradesh/departmental-tests/previous-year-papers/","true","474","7","190","3","3","0","0","0","Organization|WebSite|WebPage|Article|BreadcrumbList","","keep"
"https://brollyexamprep.com/government-exams/state/andhra-pradesh/departmental-tests/study-material/","true","497","7","190","2","3","0","0","0","Organization|WebSite|WebPage|Article|BreadcrumbList","","keep"
"https://brollyexamprep.com/government-exams/state/andhra-pradesh/departmental-tests/syllabus/","true","576","7","190","3","3","0","0","0","Organization|WebSite|WebPage|Article|BreadcrumbList","","keep"
"https://brollyexamprep.com/government-exams/state/andhra-pradesh/panchayat-secretary/","true","2567","10","190","10","3","0","0","0","Organization|WebSite|WebPage|Article|FAQPage|BreadcrumbList","","keep"
"https://brollyexamprep.com/government-exams/state/andhra-pradesh/panchayat-secretary/exam-pattern/","true","417","7","191","1","3","0","0","0","Organization|WebSite|WebPage|Article|BreadcrumbList","","keep"
"https://brollyexamprep.com/government-exams/state/andhra-pradesh/panchayat-secretary/mock-tests/","true","443","7","191","1","3","0","0","0","Organization|WebSite|WebPage|Article|BreadcrumbList","","keep"
"https://brollyexamprep.com/government-exams/state/andhra-pradesh/panchayat-secretary/preparation/","true","583","7","190","1","3","0","0","0","Organization|WebSite|WebPage|Article|BreadcrumbList","","keep"
"https://brollyexamprep.com/government-exams/state/andhra-pradesh/panchayat-secretary/previous-year-papers/","true","435","7","191","3","3","0","0","0","Organization|WebSite|WebPage|Article|BreadcrumbList","","keep"
"https://brollyexamprep.com/government-exams/state/andhra-pradesh/panchayat-secretary/study-material/","true","450","7","191","1","3","0","0","0","Organization|WebSite|WebPage|Article|BreadcrumbList","","keep"
"https://brollyexamprep.com/government-exams/state/andhra-pradesh/panchayat-secretary/syllabus/","true","466","7","192","1","3","0","0","0","Organization|WebSite|WebPage|Article|BreadcrumbList","","keep"
"https://brollyexamprep.com/government-exams/state/andhra-pradesh/teaching-posts/","true","3688","7","189","14","3","0","0","0","Organization|WebSite|WebPage|Article|FAQPage|BreadcrumbList","","keep"
"https://brollyexamprep.com/government-exams/state/andhra-pradesh/teaching-posts/exam-pattern/","true","527","7","190","1","3","0","0","0","Organization|WebSite|WebPage|Article|BreadcrumbList","","keep"
"https://brollyexamprep.com/government-exams/state/andhra-pradesh/teaching-posts/mock-tests/","true","455","7","191","1","3","0","0","0","Organization|WebSite|WebPage|Article|BreadcrumbList","","keep"
"https://brollyexamprep.com/government-exams/state/andhra-pradesh/teaching-posts/preparation/","true","615","7","190","1","3","0","0","0","Organization|WebSite|WebPage|Article|BreadcrumbList","","keep"
"https://brollyexamprep.com/government-exams/state/andhra-pradesh/teaching-posts/previous-year-papers/","true","478","7","191","2","3","0","0","0","Organization|WebSite|WebPage|Article|BreadcrumbList","","keep"
"https://brollyexamprep.com/government-exams/state/andhra-pradesh/teaching-posts/study-material/","true","443","7","191","1","3","0","0","0","Organization|WebSite|WebPage|Article|BreadcrumbList","","keep"
"https://brollyexamprep.com/government-exams/state/andhra-pradesh/teaching-posts/syllabus/","true","578","7","190","3","3","0","0","0","Organization|WebSite|WebPage|Article|BreadcrumbList","","keep"
"https://brollyexamprep.com/government-exams/state/andhra-pradesh/technical-posts/","true","3717","7","189","15","3","0","0","0","Organization|WebSite|WebPage|Article|FAQPage|BreadcrumbList","","keep"
"https://brollyexamprep.com/government-exams/state/andhra-pradesh/technical-posts/exam-pattern/","true","558","7","190","1","3","0","0","0","Organization|WebSite|WebPage|Article|BreadcrumbList","","keep"
"https://brollyexamprep.com/government-exams/state/andhra-pradesh/technical-posts/mock-tests/","true","480","7","190","1","3","0","0","0","Organization|WebSite|WebPage|Article|BreadcrumbList","","keep"
"https://brollyexamprep.com/government-exams/state/andhra-pradesh/technical-posts/preparation/","true","595","7","190","1","3","0","0","0","Organization|WebSite|WebPage|Article|BreadcrumbList","","keep"
"https://brollyexamprep.com/government-exams/state/andhra-pradesh/technical-posts/previous-year-papers/","true","535","7","190","3","3","0","0","0","Organization|WebSite|WebPage|Article|BreadcrumbList","","keep"
"https://brollyexamprep.com/government-exams/state/andhra-pradesh/technical-posts/study-material/","true","516","7","190","1","3","0","0","0","Organization|WebSite|WebPage|Article|BreadcrumbList","","keep"
"https://brollyexamprep.com/government-exams/state/andhra-pradesh/technical-posts/syllabus/","true","611","7","190","2","3","0","0","0","Organization|WebSite|WebPage|Article|BreadcrumbList","","keep"
"https://brollyexamprep.com/government-exams/state/bihar/","true","1161","1034","194","4","3","0","0","0","Organization|WebSite|WebPage|FAQPage|BreadcrumbList","","keep"
"https://brollyexamprep.com/government-exams/state/bihar/bpsc-combined-competitive/","true","4091","10","189","28","3","0","0","0","Organization|WebSite|WebPage|Article|FAQPage|BreadcrumbList","","keep"
"https://brollyexamprep.com/government-exams/state/bihar/bpsc-combined-competitive/exam-pattern/","true","404","7","190","1","3","0","0","0","Organization|WebSite|WebPage|Article|BreadcrumbList","","keep"
"https://brollyexamprep.com/government-exams/state/bihar/bpsc-combined-competitive/mock-tests/","true","398","7","190","1","3","0","0","0","Organization|WebSite|WebPage|Article|BreadcrumbList","","keep"
"https://brollyexamprep.com/government-exams/state/bihar/bpsc-combined-competitive/preparation/","true","555","7","190","1","3","0","0","0","Organization|WebSite|WebPage|Article|BreadcrumbList","","keep"
"https://brollyexamprep.com/government-exams/state/bihar/bpsc-combined-competitive/previous-year-papers/","true","379","7","190","4","3","0","0","0","Organization|WebSite|WebPage|Article|BreadcrumbList","","keep"
"https://brollyexamprep.com/government-exams/state/bihar/bpsc-combined-competitive/study-material/","true","424","7","193","1","3","0","0","0","Organization|WebSite|WebPage|Article|BreadcrumbList","","keep"
"https://brollyexamprep.com/government-exams/state/bihar/bpsc-combined-competitive/syllabus/","true","505","7","190","3","3","0","0","0","Organization|WebSite|WebPage|Article|BreadcrumbList","","keep"
"https://brollyexamprep.com/government-exams/state/bihar/bpsc-specialist/","true","3273","9","189","11","3","0","0","0","Organization|WebSite|WebPage|Article|FAQPage|BreadcrumbList","","keep"
"https://brollyexamprep.com/government-exams/state/bihar/bpsc-specialist/exam-pattern/","true","353","7","190","1","3","0","0","0","Organization|WebSite|WebPage|Article|BreadcrumbList","","keep"
"https://brollyexamprep.com/government-exams/state/bihar/bpsc-specialist/mock-tests/","true","294","7","190","1","3","0","0","0","Organization|WebSite|WebPage|Article|BreadcrumbList","","keep"
"https://brollyexamprep.com/government-exams/state/bihar/bpsc-specialist/preparation/","true","385","7","190","1","3","0","0","0","Organization|WebSite|WebPage|Article|BreadcrumbList","","keep"
"https://brollyexamprep.com/government-exams/state/bihar/bpsc-specialist/previous-year-papers/","true","305","7","191","2","3","0","0","0","Organization|WebSite|WebPage|Article|BreadcrumbList","","keep"
"https://brollyexamprep.com/government-exams/state/bihar/bpsc-specialist/study-material/","true","321","7","193","1","3","0","0","0","Organization|WebSite|WebPage|Article|BreadcrumbList","","keep"
"https://brollyexamprep.com/government-exams/state/bihar/bpsc-specialist/syllabus/","true","335","7","190","3","3","0","0","0","Organization|WebSite|WebPage|Article|BreadcrumbList","","keep"
"https://brollyexamprep.com/government-exams/state/bihar/bssc-graduate-level/","true","3081","10","189","19","3","0","0","0","Organization|WebSite|WebPage|Article|FAQPage|BreadcrumbList","","keep"
"https://brollyexamprep.com/government-exams/state/bihar/bssc-graduate-level/exam-pattern/","true","354","7","190","1","3","0","0","0","Organization|WebSite|WebPage|Article|BreadcrumbList","","keep"
"https://brollyexamprep.com/government-exams/state/bihar/bssc-graduate-level/mock-tests/","true","315","7","190","1","3","0","0","0","Organization|WebSite|WebPage|Article|BreadcrumbList","","keep"
"https://brollyexamprep.com/government-exams/state/bihar/bssc-graduate-level/preparation/","true","406","7","190","1","3","0","0","0","Organization|WebSite|WebPage|Article|BreadcrumbList","","keep"
"https://brollyexamprep.com/government-exams/state/bihar/bssc-graduate-level/previous-year-papers/","true","363","7","190","5","3","0","0","0","Organization|WebSite|WebPage|Article|BreadcrumbList","","keep"
"https://brollyexamprep.com/government-exams/state/bihar/bssc-graduate-level/study-material/","true","317","7","191","1","3","0","0","0","Organization|WebSite|WebPage|Article|BreadcrumbList","","keep"
"https://brollyexamprep.com/government-exams/state/bihar/bssc-graduate-level/syllabus/","true","343","7","190","3","3","0","0","0","Organization|WebSite|WebPage|Article|BreadcrumbList","","keep"
"https://brollyexamprep.com/government-exams/state/bihar/bssc-inter-level/","true","2912","8","189","15","3","0","0","0","Organization|WebSite|WebPage|Article|FAQPage|BreadcrumbList","","keep"
"https://brollyexamprep.com/government-exams/state/bihar/bssc-inter-level/exam-pattern/","true","361","7","190","1","3","0","0","0","Organization|WebSite|WebPage|Article|BreadcrumbList","","keep"
"https://brollyexamprep.com/government-exams/state/bihar/bssc-inter-level/mock-tests/","true","317","7","190","1","3","0","0","0","Organization|WebSite|WebPage|Article|BreadcrumbList","","keep"
"https://brollyexamprep.com/government-exams/state/bihar/bssc-inter-level/preparation/","true","396","7","190","1","3","0","0","0","Organization|WebSite|WebPage|Article|BreadcrumbList","","keep"
"https://brollyexamprep.com/government-exams/state/bihar/bssc-inter-level/previous-year-papers/","true","325","7","191","4","3","0","0","0","Organization|WebSite|WebPage|Article|BreadcrumbList","","keep"
"https://brollyexamprep.com/government-exams/state/bihar/bssc-inter-level/study-material/","true","318","7","191","1","3","0","0","0","Organization|WebSite|WebPage|Article|BreadcrumbList","","keep"
"https://brollyexamprep.com/government-exams/state/bihar/bssc-inter-level/syllabus/","true","303","7","190","2","3","0","0","0","Organization|WebSite|WebPage|Article|BreadcrumbList","","keep"
"https://brollyexamprep.com/government-exams/state/bihar/police-constable/","true","3619","8","189","24","3","0","0","0","Organization|WebSite|WebPage|Article|FAQPage|BreadcrumbList","","keep"
"https://brollyexamprep.com/government-exams/state/bihar/police-constable/exam-pattern/","true","363","7","190","1","3","0","0","0","Organization|WebSite|WebPage|Article|BreadcrumbList","","keep"
"https://brollyexamprep.com/government-exams/state/bihar/police-constable/mock-tests/","true","338","7","190","1","3","0","0","0","Organization|WebSite|WebPage|Article|BreadcrumbList","","keep"
"https://brollyexamprep.com/government-exams/state/bihar/police-constable/preparation/","true","423","7","190","1","3","0","0","0","Organization|WebSite|WebPage|Article|BreadcrumbList","","keep"
"https://brollyexamprep.com/government-exams/state/bihar/police-constable/previous-year-papers/","true","306","7","190","2","3","0","0","0","Organization|WebSite|WebPage|Article|BreadcrumbList","","keep"
"https://brollyexamprep.com/government-exams/state/bihar/police-constable/study-material/","true","322","7","191","1","3","0","0","0","Organization|WebSite|WebPage|Article|BreadcrumbList","","keep"
"https://brollyexamprep.com/government-exams/state/bihar/police-constable/syllabus/","true","315","7","190","3","3","0","0","0","Organization|WebSite|WebPage|Article|BreadcrumbList","","keep"
"https://brollyexamprep.com/government-exams/state/bihar/police-si/","true","3386","9","189","21","3","0","0","0","Organization|WebSite|WebPage|Article|FAQPage|BreadcrumbList","","keep"
"https://brollyexamprep.com/government-exams/state/bihar/police-si/exam-pattern/","true","345","7","190","1","3","0","0","0","Organization|WebSite|WebPage|Article|BreadcrumbList","","keep"
"https://brollyexamprep.com/government-exams/state/bihar/police-si/mock-tests/","true","365","7","190","1","3","0","0","0","Organization|WebSite|WebPage|Article|BreadcrumbList","","keep"
"https://brollyexamprep.com/government-exams/state/bihar/police-si/preparation/","true","411","7","190","1","3","0","0","0","Organization|WebSite|WebPage|Article|BreadcrumbList","","keep"
"https://brollyexamprep.com/government-exams/state/bihar/police-si/previous-year-papers/","true","317","7","190","2","3","0","0","0","Organization|WebSite|WebPage|Article|BreadcrumbList","","keep"
"https://brollyexamprep.com/government-exams/state/bihar/police-si/study-material/","true","320","7","191","1","3","0","0","0","Organization|WebSite|WebPage|Article|BreadcrumbList","","keep"
"https://brollyexamprep.com/government-exams/state/bihar/police-si/syllabus/","true","305","7","190","3","3","0","0","0","Organization|WebSite|WebPage|Article|BreadcrumbList","","keep"
"https://brollyexamprep.com/government-exams/state/bihar/teaching/","true","3765","8","189","28","3","0","0","0","Organization|WebSite|WebPage|Article|FAQPage|BreadcrumbList","","keep"
"https://brollyexamprep.com/government-exams/state/bihar/teaching/exam-pattern/","true","360","7","190","1","3","0","0","0","Organization|WebSite|WebPage|Article|BreadcrumbList","","keep"
"https://brollyexamprep.com/government-exams/state/bihar/teaching/mock-tests/","true","316","7","190","1","3","0","0","0","Organization|WebSite|WebPage|Article|BreadcrumbList","","keep"
"https://brollyexamprep.com/government-exams/state/bihar/teaching/preparation/","true","423","7","190","1","3","0","0","0","Organization|WebSite|WebPage|Article|BreadcrumbList","","keep"
"https://brollyexamprep.com/government-exams/state/bihar/teaching/previous-year-papers/","true","371","7","191","3","3","0","0","0","Organization|WebSite|WebPage|Article|BreadcrumbList","","keep"
"https://brollyexamprep.com/government-exams/state/bihar/teaching/study-material/","true","329","7","191","1","3","0","0","0","Organization|WebSite|WebPage|Article|BreadcrumbList","","keep"
"https://brollyexamprep.com/government-exams/state/bihar/teaching/syllabus/","true","407","7","190","4","3","0","0","0","Organization|WebSite|WebPage|Article|BreadcrumbList","","keep"
"https://brollyexamprep.com/government-exams/state/bihar/technical-posts/","true","3208","8","189","24","3","0","0","0","Organization|WebSite|WebPage|Article|FAQPage|BreadcrumbList","","keep"
"https://brollyexamprep.com/government-exams/state/bihar/technical-posts/exam-pattern/","true","379","7","190","1","3","0","0","0","Organization|WebSite|WebPage|Article|BreadcrumbList","","keep"
"https://brollyexamprep.com/government-exams/state/bihar/technical-posts/mock-tests/","true","347","7","190","1","3","0","0","0","Organization|WebSite|WebPage|Article|BreadcrumbList","","keep"
"https://brollyexamprep.com/government-exams/state/bihar/technical-posts/preparation/","true","434","7","190","1","3","0","0","0","Organization|WebSite|WebPage|Article|BreadcrumbList","","keep"
"https://brollyexamprep.com/government-exams/state/bihar/technical-posts/previous-year-papers/","true","346","7","190","4","3","0","0","0","Organization|WebSite|WebPage|Article|BreadcrumbList","","keep"
"https://brollyexamprep.com/government-exams/state/bihar/technical-posts/study-material/","true","352","7","191","1","3","0","0","0","Organization|WebSite|WebPage|Article|BreadcrumbList","","keep"
"https://brollyexamprep.com/government-exams/state/bihar/technical-posts/syllabus/","true","388","7","190","5","3","0","0","0","Organization|WebSite|WebPage|Article|BreadcrumbList","","keep"
"https://brollyexamprep.com/government-exams/state/exam-pattern/","true","831","1","184","1","3","0","0","0","Organization|WebSite|WebPage|CollectionPage|BreadcrumbList","","keep"
"https://brollyexamprep.com/government-exams/state/karnataka/","true","1294","1034","195","4","3","0","0","0","Organization|WebSite|WebPage|FAQPage|BreadcrumbList","","keep"
"https://brollyexamprep.com/government-exams/state/karnataka/departmental-tests/","true","3069","7","189","17","3","0","0","0","Organization|WebSite|WebPage|Article|FAQPage|BreadcrumbList","","keep"
"https://brollyexamprep.com/government-exams/state/karnataka/departmental-tests/exam-pattern/","true","375","7","190","1","3","0","0","0","Organization|WebSite|WebPage|Article|BreadcrumbList","","keep"
"https://brollyexamprep.com/government-exams/state/karnataka/departmental-tests/mock-tests/","true","315","7","190","1","3","0","0","0","Organization|WebSite|WebPage|Article|BreadcrumbList","","keep"
"https://brollyexamprep.com/government-exams/state/karnataka/departmental-tests/preparation/","true","436","7","190","1","3","0","0","0","Organization|WebSite|WebPage|Article|BreadcrumbList","","keep"
"https://brollyexamprep.com/government-exams/state/karnataka/departmental-tests/previous-year-papers/","true","394","7","190","3","3","0","0","0","Organization|WebSite|WebPage|Article|BreadcrumbList","","keep"
"https://brollyexamprep.com/government-exams/state/karnataka/departmental-tests/study-material/","true","361","7","190","2","3","0","0","0","Organization|WebSite|WebPage|Article|BreadcrumbList","","keep"
"https://brollyexamprep.com/government-exams/state/karnataka/departmental-tests/syllabus/","true","454","7","190","4","3","0","0","0","Organization|WebSite|WebPage|Article|BreadcrumbList","","keep"
"https://brollyexamprep.com/government-exams/state/karnataka/fda-and-sda-posts/","true","2760","9","189","19","3","0","0","0","Organization|WebSite|WebPage|Article|FAQPage|BreadcrumbList","","keep"
"https://brollyexamprep.com/government-exams/state/karnataka/fda-and-sda-posts/exam-pattern/","true","381","7","190","1","3","0","0","0","Organization|WebSite|WebPage|Article|BreadcrumbList","","keep"
"https://brollyexamprep.com/government-exams/state/karnataka/fda-and-sda-posts/mock-tests/","true","334","7","190","1","3","0","0","0","Organization|WebSite|WebPage|Article|BreadcrumbList","","keep"
"https://brollyexamprep.com/government-exams/state/karnataka/fda-and-sda-posts/preparation/","true","443","7","190","1","3","0","0","0","Organization|WebSite|WebPage|Article|BreadcrumbList","","keep"
"https://brollyexamprep.com/government-exams/state/karnataka/fda-and-sda-posts/previous-year-papers/","true","356","7","190","5","3","0","0","0","Organization|WebSite|WebPage|Article|BreadcrumbList","","keep"
"https://brollyexamprep.com/government-exams/state/karnataka/fda-and-sda-posts/study-material/","true","340","7","191","1","3","0","0","0","Organization|WebSite|WebPage|Article|BreadcrumbList","","keep"
"https://brollyexamprep.com/government-exams/state/karnataka/fda-and-sda-posts/syllabus/","true","359","7","190","4","3","0","0","0","Organization|WebSite|WebPage|Article|BreadcrumbList","","keep"
"https://brollyexamprep.com/government-exams/state/karnataka/karnataka-police/","true","3766","7","189","21","3","0","0","0","Organization|WebSite|WebPage|Article|FAQPage|BreadcrumbList","","keep"
"https://brollyexamprep.com/government-exams/state/karnataka/karnataka-police/exam-pattern/","true","356","7","190","1","3","0","0","0","Organization|WebSite|WebPage|Article|BreadcrumbList","","keep"
"https://brollyexamprep.com/government-exams/state/karnataka/karnataka-police/mock-tests/","true","399","7","190","1","3","0","0","0","Organization|WebSite|WebPage|Article|BreadcrumbList","","keep"
"https://brollyexamprep.com/government-exams/state/karnataka/karnataka-police/preparation/","true","451","7","190","1","3","0","0","0","Organization|WebSite|WebPage|Article|BreadcrumbList","","keep"
"https://brollyexamprep.com/government-exams/state/karnataka/karnataka-police/previous-year-papers/","true","378","7","190","8","3","0","0","0","Organization|WebSite|WebPage|Article|BreadcrumbList","","keep"
"https://brollyexamprep.com/government-exams/state/karnataka/karnataka-police/study-material/","true","328","7","190","1","3","0","0","0","Organization|WebSite|WebPage|Article|BreadcrumbList","","keep"
"https://brollyexamprep.com/government-exams/state/karnataka/karnataka-police/syllabus/","true","384","7","190","4","3","0","0","0","Organization|WebSite|WebPage|Article|BreadcrumbList","","keep"
"https://brollyexamprep.com/government-exams/state/karnataka/kpsc-group-b/","true","2942","7","189","16","3","0","0","0","Organization|WebSite|WebPage|Article|FAQPage|BreadcrumbList","","keep"
"https://brollyexamprep.com/government-exams/state/karnataka/kpsc-group-b/exam-pattern/","true","382","7","190","1","3","0","0","0","Organization|WebSite|WebPage|Article|BreadcrumbList","","keep"
"https://brollyexamprep.com/government-exams/state/karnataka/kpsc-group-b/mock-tests/","true","335","7","190","1","3","0","0","0","Organization|WebSite|WebPage|Article|BreadcrumbList","","keep"
"https://brollyexamprep.com/government-exams/state/karnataka/kpsc-group-b/preparation/","true","441","7","190","1","3","0","0","0","Organization|WebSite|WebPage|Article|BreadcrumbList","","keep"
"https://brollyexamprep.com/government-exams/state/karnataka/kpsc-group-b/previous-year-papers/","true","321","7","190","5","3","0","0","0","Organization|WebSite|WebPage|Article|BreadcrumbList","","keep"
"https://brollyexamprep.com/government-exams/state/karnataka/kpsc-group-b/study-material/","true","341","7","191","1","3","0","0","0","Organization|WebSite|WebPage|Article|BreadcrumbList","","keep"
"https://brollyexamprep.com/government-exams/state/karnataka/kpsc-group-b/syllabus/","true","378","7","190","5","3","0","0","0","Organization|WebSite|WebPage|Article|BreadcrumbList","","keep"
"https://brollyexamprep.com/government-exams/state/karnataka/kpsc-group-c/","true","2652","8","189","14","3","0","0","0","Organization|WebSite|WebPage|Article|FAQPage|BreadcrumbList","","keep"
"https://brollyexamprep.com/government-exams/state/karnataka/kpsc-group-c/exam-pattern/","true","358","7","190","1","3","0","0","0","Organization|WebSite|WebPage|Article|BreadcrumbList","","keep"
"https://brollyexamprep.com/government-exams/state/karnataka/kpsc-group-c/mock-tests/","true","309","7","190","1","3","0","0","0","Organization|WebSite|WebPage|Article|BreadcrumbList","","keep"
"https://brollyexamprep.com/government-exams/state/karnataka/kpsc-group-c/preparation/","true","408","7","190","1","3","0","0","0","Organization|WebSite|WebPage|Article|BreadcrumbList","","keep"
"https://brollyexamprep.com/government-exams/state/karnataka/kpsc-group-c/previous-year-papers/","true","305","7","190","5","3","0","0","0","Organization|WebSite|WebPage|Article|BreadcrumbList","","keep"
"https://brollyexamprep.com/government-exams/state/karnataka/kpsc-group-c/study-material/","true","319","7","192","1","3","0","0","0","Organization|WebSite|WebPage|Article|BreadcrumbList","","keep"
"https://brollyexamprep.com/government-exams/state/karnataka/kpsc-group-c/syllabus/","true","334","7","190","4","3","0","0","0","Organization|WebSite|WebPage|Article|BreadcrumbList","","keep"
"https://brollyexamprep.com/government-exams/state/karnataka/kpsc-kas/","true","3016","7","189","18","3","0","0","0","Organization|WebSite|WebPage|Article|FAQPage|BreadcrumbList","","keep"
"https://brollyexamprep.com/government-exams/state/karnataka/kpsc-kas/exam-pattern/","true","355","7","190","1","3","0","0","0","Organization|WebSite|WebPage|Article|BreadcrumbList","","keep"
"https://brollyexamprep.com/government-exams/state/karnataka/kpsc-kas/mock-tests/","true","344","7","190","1","3","0","0","0","Organization|WebSite|WebPage|Article|BreadcrumbList","","keep"
"https://brollyexamprep.com/government-exams/state/karnataka/kpsc-kas/preparation/","true","428","7","190","1","3","0","0","0","Organization|WebSite|WebPage|Article|BreadcrumbList","","keep"
"https://brollyexamprep.com/government-exams/state/karnataka/kpsc-kas/previous-year-papers/","true","335","7","190","6","3","0","0","0","Organization|WebSite|WebPage|Article|BreadcrumbList","","keep"
"https://brollyexamprep.com/government-exams/state/karnataka/kpsc-kas/study-material/","true","351","7","190","1","3","0","0","0","Organization|WebSite|WebPage|Article|BreadcrumbList","","keep"
"https://brollyexamprep.com/government-exams/state/karnataka/kpsc-kas/syllabus/","true","368","7","190","4","3","0","0","0","Organization|WebSite|WebPage|Article|BreadcrumbList","","keep"
"https://brollyexamprep.com/government-exams/state/karnataka/teaching-posts/","true","3110","7","189","14","3","0","0","0","Organization|WebSite|WebPage|Article|FAQPage|BreadcrumbList","","keep"
"https://brollyexamprep.com/government-exams/state/karnataka/teaching-posts/exam-pattern/","true","378","7","190","1","3","0","0","0","Organization|WebSite|WebPage|Article|BreadcrumbList","","keep"
"https://brollyexamprep.com/government-exams/state/karnataka/teaching-posts/mock-tests/","true","355","7","190","1","3","0","0","0","Organization|WebSite|WebPage|Article|BreadcrumbList","","keep"
"https://brollyexamprep.com/government-exams/state/karnataka/teaching-posts/preparation/","true","440","7","190","1","3","0","0","0","Organization|WebSite|WebPage|Article|BreadcrumbList","","keep"
"https://brollyexamprep.com/government-exams/state/karnataka/teaching-posts/previous-year-papers/","true","320","7","191","3","3","0","0","0","Organization|WebSite|WebPage|Article|BreadcrumbList","","keep"
"https://brollyexamprep.com/government-exams/state/karnataka/teaching-posts/study-material/","true","341","7","190","1","3","0","0","0","Organization|WebSite|WebPage|Article|BreadcrumbList","","keep"
"https://brollyexamprep.com/government-exams/state/karnataka/teaching-posts/syllabus/","true","389","7","190","4","3","0","0","0","Organization|WebSite|WebPage|Article|BreadcrumbList","","keep"
"https://brollyexamprep.com/government-exams/state/karnataka/technical-posts/","true","3306","9","189","16","3","0","0","0","Organization|WebSite|WebPage|Article|FAQPage|BreadcrumbList","","keep"
"https://brollyexamprep.com/government-exams/state/karnataka/technical-posts/exam-pattern/","true","375","7","190","1","3","0","0","0","Organization|WebSite|WebPage|Article|BreadcrumbList","","keep"
"https://brollyexamprep.com/government-exams/state/karnataka/technical-posts/mock-tests/","true","323","7","190","1","3","0","0","0","Organization|WebSite|WebPage|Article|BreadcrumbList","","keep"
"https://brollyexamprep.com/government-exams/state/karnataka/technical-posts/preparation/","true","418","7","190","1","3","0","0","0","Organization|WebSite|WebPage|Article|BreadcrumbList","","keep"
"https://brollyexamprep.com/government-exams/state/karnataka/technical-posts/previous-year-papers/","true","344","7","190","6","3","0","0","0","Organization|WebSite|WebPage|Article|BreadcrumbList","","keep"
"https://brollyexamprep.com/government-exams/state/karnataka/technical-posts/study-material/","true","322","7","190","1","3","0","0","0","Organization|WebSite|WebPage|Article|BreadcrumbList","","keep"
"https://brollyexamprep.com/government-exams/state/karnataka/technical-posts/syllabus/","true","405","7","190","4","3","0","0","0","Organization|WebSite|WebPage|Article|BreadcrumbList","","keep"
"https://brollyexamprep.com/government-exams/state/karnataka/village-accountant/","true","2805","7","189","18","3","0","0","0","Organization|WebSite|WebPage|Article|FAQPage|BreadcrumbList","","keep"
"https://brollyexamprep.com/government-exams/state/karnataka/village-accountant/exam-pattern/","true","389","7","190","1","3","0","0","0","Organization|WebSite|WebPage|Article|BreadcrumbList","","keep"
"https://brollyexamprep.com/government-exams/state/karnataka/village-accountant/mock-tests/","true","334","7","190","1","3","0","0","0","Organization|WebSite|WebPage|Article|BreadcrumbList","","keep"
"https://brollyexamprep.com/government-exams/state/karnataka/village-accountant/preparation/","true","443","7","190","1","3","0","0","0","Organization|WebSite|WebPage|Article|BreadcrumbList","","keep"
"https://brollyexamprep.com/government-exams/state/karnataka/village-accountant/previous-year-papers/","true","332","7","190","4","3","0","0","0","Organization|WebSite|WebPage|Article|BreadcrumbList","","keep"
"https://brollyexamprep.com/government-exams/state/karnataka/village-accountant/study-material/","true","344","7","191","1","3","0","0","0","Organization|WebSite|WebPage|Article|BreadcrumbList","","keep"
"https://brollyexamprep.com/government-exams/state/karnataka/village-accountant/syllabus/","true","335","7","190","3","3","0","0","0","Organization|WebSite|WebPage|Article|BreadcrumbList","","keep"
"https://brollyexamprep.com/government-exams/state/maharashtra/","true","788","1034","195","4","3","0","0","0","Organization|WebSite|WebPage|FAQPage|BreadcrumbList","","keep"
"https://brollyexamprep.com/government-exams/state/maharashtra/departmental-tests/","true","3032","7","189","12","3","0","0","0","Organization|WebSite|WebPage|Article|FAQPage|BreadcrumbList","","keep"
"https://brollyexamprep.com/government-exams/state/maharashtra/departmental-tests/exam-pattern/","true","346","7","190","1","3","0","0","0","Organization|WebSite|WebPage|Article|BreadcrumbList","","keep"
"https://brollyexamprep.com/government-exams/state/maharashtra/departmental-tests/mock-tests/","true","321","7","190","1","3","0","0","0","Organization|WebSite|WebPage|Article|BreadcrumbList","","keep"
"https://brollyexamprep.com/government-exams/state/maharashtra/departmental-tests/preparation/","true","422","7","190","1","3","0","0","0","Organization|WebSite|WebPage|Article|BreadcrumbList","","keep"
"https://brollyexamprep.com/government-exams/state/maharashtra/departmental-tests/previous-year-papers/","true","307","7","190","3","3","0","0","0","Organization|WebSite|WebPage|Article|BreadcrumbList","","keep"
"https://brollyexamprep.com/government-exams/state/maharashtra/departmental-tests/study-material/","true","365","7","191","1","3","0","0","0","Organization|WebSite|WebPage|Article|BreadcrumbList","","keep"
"https://brollyexamprep.com/government-exams/state/maharashtra/departmental-tests/syllabus/","true","369","7","190","3","3","0","0","0","Organization|WebSite|WebPage|Article|BreadcrumbList","","keep"
"https://brollyexamprep.com/government-exams/state/maharashtra/maharashtra-police/","true","3292","8","189","16","3","0","0","0","Organization|WebSite|WebPage|Article|FAQPage|BreadcrumbList","","keep"
"https://brollyexamprep.com/government-exams/state/maharashtra/maharashtra-police/exam-pattern/","true","340","7","190","1","3","0","0","0","Organization|WebSite|WebPage|Article|BreadcrumbList","","keep"
"https://brollyexamprep.com/government-exams/state/maharashtra/maharashtra-police/mock-tests/","true","313","7","190","1","3","0","0","0","Organization|WebSite|WebPage|Article|BreadcrumbList","","keep"
"https://brollyexamprep.com/government-exams/state/maharashtra/maharashtra-police/preparation/","true","416","7","190","1","3","0","0","0","Organization|WebSite|WebPage|Article|BreadcrumbList","","keep"
"https://brollyexamprep.com/government-exams/state/maharashtra/maharashtra-police/previous-year-papers/","true","317","7","190","3","3","0","0","0","Organization|WebSite|WebPage|Article|BreadcrumbList","","keep"
"https://brollyexamprep.com/government-exams/state/maharashtra/maharashtra-police/study-material/","true","311","7","191","1","3","0","0","0","Organization|WebSite|WebPage|Article|BreadcrumbList","","keep"
"https://brollyexamprep.com/government-exams/state/maharashtra/maharashtra-police/syllabus/","true","318","7","190","3","3","0","0","0","Organization|WebSite|WebPage|Article|BreadcrumbList","","keep"
"https://brollyexamprep.com/government-exams/state/maharashtra/mpsc-group-b/","true","2577","8","189","11","3","0","0","0","Organization|WebSite|WebPage|Article|FAQPage|BreadcrumbList","","keep"
"https://brollyexamprep.com/government-exams/state/maharashtra/mpsc-group-b/exam-pattern/","true","356","7","190","1","3","0","0","0","Organization|WebSite|WebPage|Article|BreadcrumbList","","keep"
"https://brollyexamprep.com/government-exams/state/maharashtra/mpsc-group-b/mock-tests/","true","346","7","190","1","3","0","0","0","Organization|WebSite|WebPage|Article|BreadcrumbList","","keep"
"https://brollyexamprep.com/government-exams/state/maharashtra/mpsc-group-b/preparation/","true","414","7","190","1","3","0","0","0","Organization|WebSite|WebPage|Article|BreadcrumbList","","keep"
"https://brollyexamprep.com/government-exams/state/maharashtra/mpsc-group-b/previous-year-papers/","true","306","7","190","3","3","0","0","0","Organization|WebSite|WebPage|Article|BreadcrumbList","","keep"
"https://brollyexamprep.com/government-exams/state/maharashtra/mpsc-group-b/study-material/","true","335","7","191","1","3","0","0","0","Organization|WebSite|WebPage|Article|BreadcrumbList","","keep"
"https://brollyexamprep.com/government-exams/state/maharashtra/mpsc-group-b/syllabus/","true","353","7","190","3","3","0","0","0","Organization|WebSite|WebPage|Article|BreadcrumbList","","keep"
"https://brollyexamprep.com/government-exams/state/maharashtra/mpsc-group-c/","true","2887","10","189","11","3","0","0","0","Organization|WebSite|WebPage|Article|FAQPage|BreadcrumbList","","keep"
"https://brollyexamprep.com/government-exams/state/maharashtra/mpsc-group-c/exam-pattern/","true","343","7","190","1","3","0","0","0","Organization|WebSite|WebPage|Article|BreadcrumbList","","keep"
"https://brollyexamprep.com/government-exams/state/maharashtra/mpsc-group-c/mock-tests/","true","329","7","190","1","3","0","0","0","Organization|WebSite|WebPage|Article|BreadcrumbList","","keep"
"https://brollyexamprep.com/government-exams/state/maharashtra/mpsc-group-c/preparation/","true","386","7","190","1","3","0","0","0","Organization|WebSite|WebPage|Article|BreadcrumbList","","keep"
"https://brollyexamprep.com/government-exams/state/maharashtra/mpsc-group-c/previous-year-papers/","true","306","7","190","3","3","0","0","0","Organization|WebSite|WebPage|Article|BreadcrumbList","","keep"
"https://brollyexamprep.com/government-exams/state/maharashtra/mpsc-group-c/study-material/","true","330","7","191","1","3","0","0","0","Organization|WebSite|WebPage|Article|BreadcrumbList","","keep"
"https://brollyexamprep.com/government-exams/state/maharashtra/mpsc-group-c/syllabus/","true","341","7","190","3","3","0","0","0","Organization|WebSite|WebPage|Article|BreadcrumbList","","keep"
"https://brollyexamprep.com/government-exams/state/maharashtra/mpsc-rajyaseva/","true","3101","8","189","12","3","0","0","0","Organization|WebSite|WebPage|Article|FAQPage|BreadcrumbList","","keep"
"https://brollyexamprep.com/government-exams/state/maharashtra/mpsc-rajyaseva/exam-pattern/","true","338","7","190","1","3","0","0","0","Organization|WebSite|WebPage|Article|BreadcrumbList","","keep"
"https://brollyexamprep.com/government-exams/state/maharashtra/mpsc-rajyaseva/mock-tests/","true","329","7","190","1","3","0","0","0","Organization|WebSite|WebPage|Article|BreadcrumbList","","keep"
"https://brollyexamprep.com/government-exams/state/maharashtra/mpsc-rajyaseva/preparation/","true","413","7","190","1","3","0","0","0","Organization|WebSite|WebPage|Article|BreadcrumbList","","keep"
"https://brollyexamprep.com/government-exams/state/maharashtra/mpsc-rajyaseva/previous-year-papers/","true","318","7","190","4","3","0","0","0","Organization|WebSite|WebPage|Article|BreadcrumbList","","keep"
"https://brollyexamprep.com/government-exams/state/maharashtra/mpsc-rajyaseva/study-material/","true","351","7","190","1","3","0","0","0","Organization|WebSite|WebPage|Article|BreadcrumbList","","keep"
"https://brollyexamprep.com/government-exams/state/maharashtra/mpsc-rajyaseva/syllabus/","true","399","7","190","3","3","0","0","0","Organization|WebSite|WebPage|Article|BreadcrumbList","","keep"
"https://brollyexamprep.com/government-exams/state/maharashtra/talathi/","true","2537","9","189","9","3","0","0","0","Organization|WebSite|WebPage|Article|FAQPage|BreadcrumbList","","keep"
"https://brollyexamprep.com/government-exams/state/maharashtra/talathi/exam-pattern/","true","312","7","190","1","3","0","0","0","Organization|WebSite|WebPage|Article|BreadcrumbList","","keep"
"https://brollyexamprep.com/government-exams/state/maharashtra/talathi/mock-tests/","true","279","7","190","1","3","0","0","0","Organization|WebSite|WebPage|Article|BreadcrumbList","","keep"
"https://brollyexamprep.com/government-exams/state/maharashtra/talathi/preparation/","true","367","7","190","1","3","0","0","0","Organization|WebSite|WebPage|Article|BreadcrumbList","","keep"
"https://brollyexamprep.com/government-exams/state/maharashtra/talathi/previous-year-papers/","true","299","7","190","3","3","0","0","0","Organization|WebSite|WebPage|Article|BreadcrumbList","","keep"
"https://brollyexamprep.com/government-exams/state/maharashtra/talathi/study-material/","true","322","7","191","1","3","0","0","0","Organization|WebSite|WebPage|Article|BreadcrumbList","","keep"
"https://brollyexamprep.com/government-exams/state/maharashtra/talathi/syllabus/","true","331","7","191","2","3","0","0","0","Organization|WebSite|WebPage|Article|BreadcrumbList","","keep"
"https://brollyexamprep.com/government-exams/state/maharashtra/teaching-posts/","true","3158","7","189","18","3","0","0","0","Organization|WebSite|WebPage|Article|FAQPage|BreadcrumbList","","keep"
"https://brollyexamprep.com/government-exams/state/maharashtra/teaching-posts/exam-pattern/","true","368","7","190","1","3","0","0","0","Organization|WebSite|WebPage|Article|BreadcrumbList","","keep"
"https://brollyexamprep.com/government-exams/state/maharashtra/teaching-posts/mock-tests/","true","323","7","190","1","3","0","0","0","Organization|WebSite|WebPage|Article|BreadcrumbList","","keep"
"https://brollyexamprep.com/government-exams/state/maharashtra/teaching-posts/preparation/","true","417","7","190","1","3","0","0","0","Organization|WebSite|WebPage|Article|BreadcrumbList","","keep"
"https://brollyexamprep.com/government-exams/state/maharashtra/teaching-posts/previous-year-papers/","true","304","7","191","3","3","0","0","0","Organization|WebSite|WebPage|Article|BreadcrumbList","","keep"
"https://brollyexamprep.com/government-exams/state/maharashtra/teaching-posts/study-material/","true","326","7","190","1","3","0","0","0","Organization|WebSite|WebPage|Article|BreadcrumbList","","keep"
"https://brollyexamprep.com/government-exams/state/maharashtra/teaching-posts/syllabus/","true","366","7","190","3","3","0","0","0","Organization|WebSite|WebPage|Article|BreadcrumbList","","keep"
"https://brollyexamprep.com/government-exams/state/maharashtra/technical-posts/","true","2876","8","189","15","3","0","0","0","Organization|WebSite|WebPage|Article|FAQPage|BreadcrumbList","","keep"
"https://brollyexamprep.com/government-exams/state/maharashtra/technical-posts/exam-pattern/","true","347","7","190","1","3","0","0","0","Organization|WebSite|WebPage|Article|BreadcrumbList","","keep"
"https://brollyexamprep.com/government-exams/state/maharashtra/technical-posts/mock-tests/","true","308","7","190","1","3","0","0","0","Organization|WebSite|WebPage|Article|BreadcrumbList","","keep"
"https://brollyexamprep.com/government-exams/state/maharashtra/technical-posts/preparation/","true","400","7","190","1","3","0","0","0","Organization|WebSite|WebPage|Article|BreadcrumbList","","keep"
"https://brollyexamprep.com/government-exams/state/maharashtra/technical-posts/previous-year-papers/","true","311","7","190","4","3","0","0","0","Organization|WebSite|WebPage|Article|BreadcrumbList","","keep"
"https://brollyexamprep.com/government-exams/state/maharashtra/technical-posts/study-material/","true","309","7","191","1","3","0","0","0","Organization|WebSite|WebPage|Article|BreadcrumbList","","keep"
"https://brollyexamprep.com/government-exams/state/maharashtra/technical-posts/syllabus/","true","332","7","190","3","3","0","0","0","Organization|WebSite|WebPage|Article|BreadcrumbList","","keep"
"https://brollyexamprep.com/government-exams/state/maharashtra/zilla-parishad-posts/","true","2966","8","189","13","3","0","0","0","Organization|WebSite|WebPage|Article|FAQPage|BreadcrumbList","","keep"
"https://brollyexamprep.com/government-exams/state/maharashtra/zilla-parishad-posts/exam-pattern/","true","351","7","190","1","3","0","0","0","Organization|WebSite|WebPage|Article|BreadcrumbList","","keep"
"https://brollyexamprep.com/government-exams/state/maharashtra/zilla-parishad-posts/mock-tests/","true","323","7","190","1","3","0","0","0","Organization|WebSite|WebPage|Article|BreadcrumbList","","keep"
"https://brollyexamprep.com/government-exams/state/maharashtra/zilla-parishad-posts/preparation/","true","422","7","190","1","3","0","0","0","Organization|WebSite|WebPage|Article|BreadcrumbList","","keep"
"https://brollyexamprep.com/government-exams/state/maharashtra/zilla-parishad-posts/previous-year-papers/","true","316","7","192","1","3","0","0","0","Organization|WebSite|WebPage|Article|BreadcrumbList","","keep"
"https://brollyexamprep.com/government-exams/state/maharashtra/zilla-parishad-posts/study-material/","true","340","7","191","1","3","0","0","0","Organization|WebSite|WebPage|Article|BreadcrumbList","","keep"
"https://brollyexamprep.com/government-exams/state/maharashtra/zilla-parishad-posts/syllabus/","true","333","7","190","2","3","0","0","0","Organization|WebSite|WebPage|Article|BreadcrumbList","","keep"
"https://brollyexamprep.com/government-exams/state/mock-tests/","true","695","21","184","1","3","0","0","0","Organization|WebSite|WebPage|CollectionPage|BreadcrumbList","","keep"
"https://brollyexamprep.com/government-exams/state/preparation/","true","784","1","184","1","3","0","0","0","Organization|WebSite|WebPage|CollectionPage|BreadcrumbList","","keep"
"https://brollyexamprep.com/government-exams/state/previous-year-papers/","true","774","14","183","1","3","0","0","0","Organization|WebSite|WebPage|CollectionPage|BreadcrumbList","","keep"
"https://brollyexamprep.com/government-exams/state/study-material/","true","784","12","183","1","3","0","0","0","Organization|WebSite|WebPage|CollectionPage|BreadcrumbList","","keep"
"https://brollyexamprep.com/government-exams/state/syllabus/","true","902","1","183","1","3","0","0","0","Organization|WebSite|WebPage|CollectionPage|FAQPage|BreadcrumbList","","keep"
"https://brollyexamprep.com/government-exams/state/tamil-nadu/","true","1324","1034","196","5","3","0","0","0","Organization|WebSite|WebPage|FAQPage|BreadcrumbList","","keep"
"https://brollyexamprep.com/government-exams/state/tamil-nadu/departmental-tests/","true","2734","7","189","13","3","0","0","0","Organization|WebSite|WebPage|Article|FAQPage|BreadcrumbList","","keep"
"https://brollyexamprep.com/government-exams/state/tamil-nadu/departmental-tests/exam-pattern/","true","450","7","190","1","3","0","0","0","Organization|WebSite|WebPage|Article|BreadcrumbList","","keep"
"https://brollyexamprep.com/government-exams/state/tamil-nadu/departmental-tests/mock-tests/","true","334","7","190","1","3","0","0","0","Organization|WebSite|WebPage|Article|BreadcrumbList","","keep"
"https://brollyexamprep.com/government-exams/state/tamil-nadu/departmental-tests/preparation/","true","505","7","190","1","3","0","0","0","Organization|WebSite|WebPage|Article|BreadcrumbList","","keep"
"https://brollyexamprep.com/government-exams/state/tamil-nadu/departmental-tests/previous-year-papers/","true","424","7","190","3","3","0","0","0","Organization|WebSite|WebPage|Article|BreadcrumbList","","keep"
"https://brollyexamprep.com/government-exams/state/tamil-nadu/departmental-tests/study-material/","true","380","7","190","2","3","0","0","0","Organization|WebSite|WebPage|Article|BreadcrumbList","","keep"
"https://brollyexamprep.com/government-exams/state/tamil-nadu/departmental-tests/syllabus/","true","525","7","190","3","3","0","0","0","Organization|WebSite|WebPage|Article|BreadcrumbList","","keep"
"https://brollyexamprep.com/government-exams/state/tamil-nadu/mrb-recruitment/","true","3149","7","189","17","3","0","0","0","Organization|WebSite|WebPage|Article|FAQPage|BreadcrumbList","","keep"
"https://brollyexamprep.com/government-exams/state/tamil-nadu/mrb-recruitment/exam-pattern/","true","448","7","190","1","3","0","0","0","Organization|WebSite|WebPage|Article|BreadcrumbList","","keep"
"https://brollyexamprep.com/government-exams/state/tamil-nadu/mrb-recruitment/mock-tests/","true","390","7","190","1","3","0","0","0","Organization|WebSite|WebPage|Article|BreadcrumbList","","keep"
"https://brollyexamprep.com/government-exams/state/tamil-nadu/mrb-recruitment/preparation/","true","527","7","190","1","3","0","0","0","Organization|WebSite|WebPage|Article|BreadcrumbList","","keep"
"https://brollyexamprep.com/government-exams/state/tamil-nadu/mrb-recruitment/previous-year-papers/","true","402","7","190","2","3","0","0","0","Organization|WebSite|WebPage|Article|BreadcrumbList","","keep"
"https://brollyexamprep.com/government-exams/state/tamil-nadu/mrb-recruitment/study-material/","true","348","7","190","2","3","0","0","0","Organization|WebSite|WebPage|Article|BreadcrumbList","","keep"
"https://brollyexamprep.com/government-exams/state/tamil-nadu/mrb-recruitment/syllabus/","true","432","7","190","4","3","0","0","0","Organization|WebSite|WebPage|Article|BreadcrumbList","","keep"
"https://brollyexamprep.com/government-exams/state/tamil-nadu/tamil-nadu-police/","true","3853","7","189","15","3","0","0","0","Organization|WebSite|WebPage|Article|FAQPage|BreadcrumbList","","keep"
"https://brollyexamprep.com/government-exams/state/tamil-nadu/tamil-nadu-police/exam-pattern/","true","564","7","190","1","3","0","0","0","Organization|WebSite|WebPage|Article|BreadcrumbList","","keep"
"https://brollyexamprep.com/government-exams/state/tamil-nadu/tamil-nadu-police/mock-tests/","true","472","7","191","1","3","0","0","0","Organization|WebSite|WebPage|Article|BreadcrumbList","","keep"
"https://brollyexamprep.com/government-exams/state/tamil-nadu/tamil-nadu-police/preparation/","true","582","7","190","1","3","0","0","0","Organization|WebSite|WebPage|Article|BreadcrumbList","","keep"
"https://brollyexamprep.com/government-exams/state/tamil-nadu/tamil-nadu-police/previous-year-papers/","true","449","7","191","2","3","0","0","0","Organization|WebSite|WebPage|Article|BreadcrumbList","","keep"
"https://brollyexamprep.com/government-exams/state/tamil-nadu/tamil-nadu-police/study-material/","true","449","7","190","1","3","0","0","0","Organization|WebSite|WebPage|Article|BreadcrumbList","","keep"
"https://brollyexamprep.com/government-exams/state/tamil-nadu/tamil-nadu-police/syllabus/","true","448","7","190","3","3","0","0","0","Organization|WebSite|WebPage|Article|BreadcrumbList","","keep"
"https://brollyexamprep.com/government-exams/state/tamil-nadu/teaching-posts/","true","3369","7","189","16","3","0","0","0","Organization|WebSite|WebPage|Article|FAQPage|BreadcrumbList","","keep"
"https://brollyexamprep.com/government-exams/state/tamil-nadu/teaching-posts/exam-pattern/","true","438","7","190","1","3","0","0","0","Organization|WebSite|WebPage|Article|BreadcrumbList","","keep"
"https://brollyexamprep.com/government-exams/state/tamil-nadu/teaching-posts/mock-tests/","true","361","7","191","1","3","0","0","0","Organization|WebSite|WebPage|Article|BreadcrumbList","","keep"
"https://brollyexamprep.com/government-exams/state/tamil-nadu/teaching-posts/preparation/","true","523","7","190","1","3","0","0","0","Organization|WebSite|WebPage|Article|BreadcrumbList","","keep"
"https://brollyexamprep.com/government-exams/state/tamil-nadu/teaching-posts/previous-year-papers/","true","416","7","191","2","3","0","0","0","Organization|WebSite|WebPage|Article|BreadcrumbList","","keep"
"https://brollyexamprep.com/government-exams/state/tamil-nadu/teaching-posts/study-material/","true","358","7","191","1","3","0","0","0","Organization|WebSite|WebPage|Article|BreadcrumbList","","keep"
"https://brollyexamprep.com/government-exams/state/tamil-nadu/teaching-posts/syllabus/","true","447","7","190","2","3","0","0","0","Organization|WebSite|WebPage|Article|BreadcrumbList","","keep"
"https://brollyexamprep.com/government-exams/state/tamil-nadu/technical-posts/","true","3458","7","189","20","3","0","0","0","Organization|WebSite|WebPage|Article|FAQPage|BreadcrumbList","","keep"
"https://brollyexamprep.com/government-exams/state/tamil-nadu/technical-posts/exam-pattern/","true","420","7","190","1","3","0","0","0","Organization|WebSite|WebPage|Article|BreadcrumbList","","keep"
"https://brollyexamprep.com/government-exams/state/tamil-nadu/technical-posts/mock-tests/","true","352","7","190","1","3","0","0","0","Organization|WebSite|WebPage|Article|BreadcrumbList","","keep"
"https://brollyexamprep.com/government-exams/state/tamil-nadu/technical-posts/preparation/","true","546","7","190","1","3","0","0","0","Organization|WebSite|WebPage|Article|BreadcrumbList","","keep"
"https://brollyexamprep.com/government-exams/state/tamil-nadu/technical-posts/previous-year-papers/","true","440","7","190","5","3","0","0","0","Organization|WebSite|WebPage|Article|BreadcrumbList","","keep"
"https://brollyexamprep.com/government-exams/state/tamil-nadu/technical-posts/study-material/","true","425","7","190","1","3","0","0","0","Organization|WebSite|WebPage|Article|BreadcrumbList","","keep"
"https://brollyexamprep.com/government-exams/state/tamil-nadu/technical-posts/syllabus/","true","482","7","190","3","3","0","0","0","Organization|WebSite|WebPage|Article|BreadcrumbList","","keep"
"https://brollyexamprep.com/government-exams/state/tamil-nadu/tnpsc-group-1/","true","3240","7","189","16","3","0","0","0","Organization|WebSite|WebPage|Article|FAQPage|BreadcrumbList","","keep"
"https://brollyexamprep.com/government-exams/state/tamil-nadu/tnpsc-group-1/exam-pattern/","true","532","7","190","1","3","0","0","0","Organization|WebSite|WebPage|Article|BreadcrumbList","","keep"
"https://brollyexamprep.com/government-exams/state/tamil-nadu/tnpsc-group-1/mock-tests/","true","438","7","191","1","3","0","0","0","Organization|WebSite|WebPage|Article|BreadcrumbList","","keep"
"https://brollyexamprep.com/government-exams/state/tamil-nadu/tnpsc-group-1/preparation/","true","550","7","190","1","3","0","0","0","Organization|WebSite|WebPage|Article|BreadcrumbList","","keep"
"https://brollyexamprep.com/government-exams/state/tamil-nadu/tnpsc-group-1/previous-year-papers/","true","481","7","190","4","3","0","0","0","Organization|WebSite|WebPage|Article|BreadcrumbList","","keep"
"https://brollyexamprep.com/government-exams/state/tamil-nadu/tnpsc-group-1/study-material/","true","498","7","190","1","3","0","0","0","Organization|WebSite|WebPage|Article|BreadcrumbList","","keep"
"https://brollyexamprep.com/government-exams/state/tamil-nadu/tnpsc-group-1/syllabus/","true","516","7","190","3","3","0","0","0","Organization|WebSite|WebPage|Article|BreadcrumbList","","keep"
"https://brollyexamprep.com/government-exams/state/tamil-nadu/tnpsc-group-2/","true","2956","8","190","13","3","0","0","0","Organization|WebSite|WebPage|Article|FAQPage|BreadcrumbList","","keep"
"https://brollyexamprep.com/government-exams/state/tamil-nadu/tnpsc-group-2/exam-pattern/","true","471","7","190","1","3","0","0","0","Organization|WebSite|WebPage|Article|BreadcrumbList","","keep"
"https://brollyexamprep.com/government-exams/state/tamil-nadu/tnpsc-group-2/mock-tests/","true","338","7","191","1","3","0","0","0","Organization|WebSite|WebPage|Article|BreadcrumbList","","keep"
"https://brollyexamprep.com/government-exams/state/tamil-nadu/tnpsc-group-2/preparation/","true","479","7","190","1","3","0","0","0","Organization|WebSite|WebPage|Article|BreadcrumbList","","keep"
"https://brollyexamprep.com/government-exams/state/tamil-nadu/tnpsc-group-2/previous-year-papers/","true","420","7","190","4","3","0","0","0","Organization|WebSite|WebPage|Article|BreadcrumbList","","keep"
"https://brollyexamprep.com/government-exams/state/tamil-nadu/tnpsc-group-2/study-material/","true","368","7","190","1","3","0","0","0","Organization|WebSite|WebPage|Article|BreadcrumbList","","keep"
"https://brollyexamprep.com/government-exams/state/tamil-nadu/tnpsc-group-2/syllabus/","true","426","7","190","3","3","0","0","0","Organization|WebSite|WebPage|Article|BreadcrumbList","","keep"
"https://brollyexamprep.com/government-exams/state/tamil-nadu/tnpsc-group-2a/","true","2735","8","190","13","3","0","0","0","Organization|WebSite|WebPage|Article|FAQPage|BreadcrumbList","","keep"
"https://brollyexamprep.com/government-exams/state/tamil-nadu/tnpsc-group-2a/exam-pattern/","true","485","7","190","1","3","0","0","0","Organization|WebSite|WebPage|Article|BreadcrumbList","","keep"
"https://brollyexamprep.com/government-exams/state/tamil-nadu/tnpsc-group-2a/mock-tests/","true","344","7","191","1","3","0","0","0","Organization|WebSite|WebPage|Article|BreadcrumbList","","keep"
"https://brollyexamprep.com/government-exams/state/tamil-nadu/tnpsc-group-2a/preparation/","true","464","7","190","1","3","0","0","0","Organization|WebSite|WebPage|Article|BreadcrumbList","","keep"
"https://brollyexamprep.com/government-exams/state/tamil-nadu/tnpsc-group-2a/previous-year-papers/","true","406","7","190","4","3","0","0","0","Organization|WebSite|WebPage|Article|BreadcrumbList","","keep"
"https://brollyexamprep.com/government-exams/state/tamil-nadu/tnpsc-group-2a/study-material/","true","369","7","190","1","3","0","0","0","Organization|WebSite|WebPage|Article|BreadcrumbList","","keep"
"https://brollyexamprep.com/government-exams/state/tamil-nadu/tnpsc-group-2a/syllabus/","true","424","7","190","3","3","0","0","0","Organization|WebSite|WebPage|Article|BreadcrumbList","","keep"
"https://brollyexamprep.com/government-exams/state/tamil-nadu/tnpsc-group-4/","true","3264","8","190","16","3","0","0","0","Organization|WebSite|WebPage|Article|FAQPage|BreadcrumbList","","keep"
"https://brollyexamprep.com/government-exams/state/tamil-nadu/tnpsc-group-4/exam-pattern/","true","498","8","190","1","3","0","0","0","Organization|WebSite|WebPage|Article|BreadcrumbList","","keep"
"https://brollyexamprep.com/government-exams/state/tamil-nadu/tnpsc-group-4/mock-tests/","true","395","8","191","1","3","0","0","0","Organization|WebSite|WebPage|Article|BreadcrumbList","","keep"
"https://brollyexamprep.com/government-exams/state/tamil-nadu/tnpsc-group-4/preparation/","true","548","8","190","1","3","0","0","0","Organization|WebSite|WebPage|Article|BreadcrumbList","","keep"
"https://brollyexamprep.com/government-exams/state/tamil-nadu/tnpsc-group-4/previous-year-papers/","true","438","8","190","5","3","0","0","0","Organization|WebSite|WebPage|Article|BreadcrumbList","","keep"
"https://brollyexamprep.com/government-exams/state/tamil-nadu/tnpsc-group-4/study-material/","true","405","8","190","1","3","0","0","0","Organization|WebSite|WebPage|Article|BreadcrumbList","","keep"
"https://brollyexamprep.com/government-exams/state/tamil-nadu/tnpsc-group-4/syllabus/","true","421","8","190","2","3","0","0","0","Organization|WebSite|WebPage|Article|BreadcrumbList","","keep"
"https://brollyexamprep.com/government-exams/state/tamil-nadu/village-administrative-officer/","true","2485","8","190","12","3","0","0","0","Organization|WebSite|WebPage|Article|FAQPage|BreadcrumbList","","keep"
"https://brollyexamprep.com/government-exams/state/tamil-nadu/village-administrative-officer/exam-pattern/","true","327","7","191","1","3","0","0","0","Organization|WebSite|WebPage|Article|BreadcrumbList","","keep"
"https://brollyexamprep.com/government-exams/state/tamil-nadu/village-administrative-officer/mock-tests/","true","312","7","191","1","3","0","0","0","Organization|WebSite|WebPage|Article|BreadcrumbList","","keep"
"https://brollyexamprep.com/government-exams/state/tamil-nadu/village-administrative-officer/preparation/","true","387","7","191","1","3","0","0","0","Organization|WebSite|WebPage|Article|BreadcrumbList","","keep"
"https://brollyexamprep.com/government-exams/state/tamil-nadu/village-administrative-officer/previous-year-papers/","true","326","7","191","2","3","0","0","0","Organization|WebSite|WebPage|Article|BreadcrumbList","","keep"
"https://brollyexamprep.com/government-exams/state/tamil-nadu/village-administrative-officer/study-material/","true","348","7","191","1","3","0","0","0","Organization|WebSite|WebPage|Article|BreadcrumbList","","keep"
"https://brollyexamprep.com/government-exams/state/tamil-nadu/village-administrative-officer/syllabus/","true","394","7","191","2","3","0","0","0","Organization|WebSite|WebPage|Article|BreadcrumbList","","keep"
"https://brollyexamprep.com/government-exams/state/telangana/","true","768","1034","195","4","3","0","0","0","Organization|WebSite|WebPage|FAQPage|BreadcrumbList","","keep"
"https://brollyexamprep.com/government-exams/state/telangana/departmental-tests/","true","2320","7","189","9","3","0","0","0","Organization|WebSite|WebPage|Article|FAQPage|BreadcrumbList","","keep"
"https://brollyexamprep.com/government-exams/state/telangana/departmental-tests/exam-pattern/","true","804","7","190","1","3","0","0","0","Organization|WebSite|WebPage|Article|BreadcrumbList","","keep"
"https://brollyexamprep.com/government-exams/state/telangana/departmental-tests/mock-tests/","true","704","7","190","1","3","0","0","0","Organization|WebSite|WebPage|Article|BreadcrumbList","","keep"
"https://brollyexamprep.com/government-exams/state/telangana/departmental-tests/preparation/","true","650","7","190","1","3","0","0","0","Organization|WebSite|WebPage|Article|BreadcrumbList","","keep"
"https://brollyexamprep.com/government-exams/state/telangana/departmental-tests/previous-year-papers/","true","721","7","190","1","3","0","0","0","Organization|WebSite|WebPage|Article|BreadcrumbList","","keep"
"https://brollyexamprep.com/government-exams/state/telangana/departmental-tests/study-material/","true","683","7","190","1","3","0","0","0","Organization|WebSite|WebPage|Article|BreadcrumbList","","keep"
"https://brollyexamprep.com/government-exams/state/telangana/departmental-tests/syllabus/","true","739","7","190","1","3","0","0","0","Organization|WebSite|WebPage|Article|BreadcrumbList","","keep"
"https://brollyexamprep.com/government-exams/state/telangana/panchayat-secretary/","true","2035","7","189","8","3","0","0","0","Organization|WebSite|WebPage|Article|FAQPage|BreadcrumbList","","keep"
"https://brollyexamprep.com/government-exams/state/telangana/panchayat-secretary/exam-pattern/","true","709","7","190","1","3","0","0","0","Organization|WebSite|WebPage|Article|BreadcrumbList","","keep"
"https://brollyexamprep.com/government-exams/state/telangana/panchayat-secretary/mock-tests/","true","658","7","191","1","3","0","0","0","Organization|WebSite|WebPage|Article|BreadcrumbList","","keep"
"https://brollyexamprep.com/government-exams/state/telangana/panchayat-secretary/preparation/","true","735","7","190","1","3","0","0","0","Organization|WebSite|WebPage|Article|BreadcrumbList","","keep"
"https://brollyexamprep.com/government-exams/state/telangana/panchayat-secretary/previous-year-papers/","true","731","7","192","1","3","0","0","0","Organization|WebSite|WebPage|Article|BreadcrumbList","","keep"
"https://brollyexamprep.com/government-exams/state/telangana/panchayat-secretary/study-material/","true","702","7","191","1","3","0","0","0","Organization|WebSite|WebPage|Article|BreadcrumbList","","keep"
"https://brollyexamprep.com/government-exams/state/telangana/panchayat-secretary/syllabus/","true","810","7","190","1","3","0","0","0","Organization|WebSite|WebPage|Article|BreadcrumbList","","keep"
"https://brollyexamprep.com/government-exams/state/telangana/teaching-posts/","true","2963","7","189","13","3","0","0","0","Organization|WebSite|WebPage|Article|FAQPage|BreadcrumbList","","keep"
"https://brollyexamprep.com/government-exams/state/telangana/teaching-posts/exam-pattern/","true","775","7","190","1","3","0","0","0","Organization|WebSite|WebPage|Article|BreadcrumbList","","keep"
"https://brollyexamprep.com/government-exams/state/telangana/teaching-posts/mock-tests/","true","691","7","190","1","3","0","0","0","Organization|WebSite|WebPage|Article|BreadcrumbList","","keep"
"https://brollyexamprep.com/government-exams/state/telangana/teaching-posts/preparation/","true","658","7","190","1","3","0","0","0","Organization|WebSite|WebPage|Article|BreadcrumbList","","keep"
"https://brollyexamprep.com/government-exams/state/telangana/teaching-posts/previous-year-papers/","true","748","7","191","1","3","0","0","0","Organization|WebSite|WebPage|Article|BreadcrumbList","","keep"
"https://brollyexamprep.com/government-exams/state/telangana/teaching-posts/study-material/","true","748","7","190","1","3","0","0","0","Organization|WebSite|WebPage|Article|BreadcrumbList","","keep"
"https://brollyexamprep.com/government-exams/state/telangana/teaching-posts/syllabus/","true","887","7","190","1","3","0","0","0","Organization|WebSite|WebPage|Article|BreadcrumbList","","keep"
"https://brollyexamprep.com/government-exams/state/telangana/technical-posts/","true","2565","7","189","8","3","0","0","0","Organization|WebSite|WebPage|Article|FAQPage|BreadcrumbList","","keep"
"https://brollyexamprep.com/government-exams/state/telangana/technical-posts/exam-pattern/","true","708","7","190","1","3","0","0","0","Organization|WebSite|WebPage|Article|BreadcrumbList","","keep"
"https://brollyexamprep.com/government-exams/state/telangana/technical-posts/mock-tests/","true","710","7","191","1","3","0","0","0","Organization|WebSite|WebPage|Article|BreadcrumbList","","keep"
"https://brollyexamprep.com/government-exams/state/telangana/technical-posts/preparation/","true","640","7","190","1","3","0","0","0","Organization|WebSite|WebPage|Article|BreadcrumbList","","keep"
"https://brollyexamprep.com/government-exams/state/telangana/technical-posts/previous-year-papers/","true","715","7","191","1","3","0","0","0","Organization|WebSite|WebPage|Article|BreadcrumbList","","keep"
"https://brollyexamprep.com/government-exams/state/telangana/technical-posts/study-material/","true","726","7","190","1","3","0","0","0","Organization|WebSite|WebPage|Article|BreadcrumbList","","keep"
"https://brollyexamprep.com/government-exams/state/telangana/technical-posts/syllabus/","true","791","7","190","1","3","0","0","0","Organization|WebSite|WebPage|Article|BreadcrumbList","","keep"
"https://brollyexamprep.com/government-exams/state/telangana/telangana-police/","true","3328","4","191","42","3","0","0","0","Organization|WebSite|WebPage|FAQPage|BreadcrumbList","","keep"
"https://brollyexamprep.com/government-exams/state/telangana/tgpsc-group-1/","true","2962","7","189","8","3","0","0","0","Organization|WebSite|WebPage|Article|FAQPage|BreadcrumbList","","keep"
"https://brollyexamprep.com/government-exams/state/telangana/tgpsc-group-1/exam-pattern/","true","844","7","190","1","3","0","0","0","Organization|WebSite|WebPage|Article|BreadcrumbList","","keep"
"https://brollyexamprep.com/government-exams/state/telangana/tgpsc-group-1/mock-tests/","true","779","7","191","1","3","0","0","0","Organization|WebSite|WebPage|Article|BreadcrumbList","","keep"
"https://brollyexamprep.com/government-exams/state/telangana/tgpsc-group-1/preparation/","true","926","7","190","1","3","0","0","0","Organization|WebSite|WebPage|Article|BreadcrumbList","","keep"
"https://brollyexamprep.com/government-exams/state/telangana/tgpsc-group-1/previous-year-papers/","true","761","7","191","1","3","0","0","0","Organization|WebSite|WebPage|Article|BreadcrumbList","","keep"
"https://brollyexamprep.com/government-exams/state/telangana/tgpsc-group-1/study-material/","true","763","7","191","1","3","0","0","0","Organization|WebSite|WebPage|Article|BreadcrumbList","","keep"
"https://brollyexamprep.com/government-exams/state/telangana/tgpsc-group-1/syllabus/","true","1213","7","190","1","3","0","0","0","Organization|WebSite|WebPage|Article|BreadcrumbList","","keep"
"https://brollyexamprep.com/government-exams/state/telangana/tgpsc-group-2/","true","2454","7","189","8","3","0","0","0","Organization|WebSite|WebPage|Article|FAQPage|BreadcrumbList","","keep"
"https://brollyexamprep.com/government-exams/state/telangana/tgpsc-group-2/exam-pattern/","true","824","7","190","1","3","0","0","0","Organization|WebSite|WebPage|Article|BreadcrumbList","","keep"
"https://brollyexamprep.com/government-exams/state/telangana/tgpsc-group-2/mock-tests/","true","675","7","191","1","3","0","0","0","Organization|WebSite|WebPage|Article|BreadcrumbList","","keep"
"https://brollyexamprep.com/government-exams/state/telangana/tgpsc-group-2/preparation/","true","772","7","190","1","3","0","0","0","Organization|WebSite|WebPage|Article|BreadcrumbList","","keep"
"https://brollyexamprep.com/government-exams/state/telangana/tgpsc-group-2/previous-year-papers/","true","693","8","191","1","3","0","0","0","Organization|WebSite|WebPage|Article|BreadcrumbList","","keep"
"https://brollyexamprep.com/government-exams/state/telangana/tgpsc-group-2/study-material/","true","809","8","191","1","3","0","0","0","Organization|WebSite|WebPage|Article|BreadcrumbList","","keep"
"https://brollyexamprep.com/government-exams/state/telangana/tgpsc-group-2/syllabus/","true","889","8","190","1","3","0","0","0","Organization|WebSite|WebPage|Article|BreadcrumbList","","keep"
"https://brollyexamprep.com/government-exams/state/telangana/tgpsc-group-3/","true","2325","7","189","8","3","0","0","0","Organization|WebSite|WebPage|Article|FAQPage|BreadcrumbList","","keep"
"https://brollyexamprep.com/government-exams/state/telangana/tgpsc-group-3/exam-pattern/","true","742","7","190","1","3","0","0","0","Organization|WebSite|WebPage|Article|BreadcrumbList","","keep"
"https://brollyexamprep.com/government-exams/state/telangana/tgpsc-group-3/mock-tests/","true","717","7","191","1","3","0","0","0","Organization|WebSite|WebPage|Article|BreadcrumbList","","keep"
"https://brollyexamprep.com/government-exams/state/telangana/tgpsc-group-3/preparation/","true","772","7","190","1","3","0","0","0","Organization|WebSite|WebPage|Article|BreadcrumbList","","keep"
"https://brollyexamprep.com/government-exams/state/telangana/tgpsc-group-3/previous-year-papers/","true","754","7","192","1","3","0","0","0","Organization|WebSite|WebPage|Article|BreadcrumbList","","keep"
"https://brollyexamprep.com/government-exams/state/telangana/tgpsc-group-3/study-material/","true","744","7","192","1","3","0","0","0","Organization|WebSite|WebPage|Article|BreadcrumbList","","keep"
"https://brollyexamprep.com/government-exams/state/telangana/tgpsc-group-3/syllabus/","true","695","7","191","1","3","0","0","0","Organization|WebSite|WebPage|Article|BreadcrumbList","","keep"
"https://brollyexamprep.com/government-exams/state/telangana/tgpsc-group-4/","true","2457","7","189","7","3","0","0","0","Organization|WebSite|WebPage|Article|FAQPage|BreadcrumbList","","keep"
"https://brollyexamprep.com/government-exams/state/telangana/tgpsc-group-4/exam-pattern/","true","730","7","190","1","3","0","0","0","Organization|WebSite|WebPage|Article|BreadcrumbList","","keep"
"https://brollyexamprep.com/government-exams/state/telangana/tgpsc-group-4/mock-tests/","true","727","7","191","1","3","0","0","0","Organization|WebSite|WebPage|Article|BreadcrumbList","","keep"
"https://brollyexamprep.com/government-exams/state/telangana/tgpsc-group-4/preparation/","true","713","7","190","1","3","0","0","0","Organization|WebSite|WebPage|Article|BreadcrumbList","","keep"
"https://brollyexamprep.com/government-exams/state/telangana/tgpsc-group-4/previous-year-papers/","true","736","8","191","1","3","0","0","0","Organization|WebSite|WebPage|Article|BreadcrumbList","","keep"
"https://brollyexamprep.com/government-exams/state/telangana/tgpsc-group-4/study-material/","true","695","7","191","1","3","0","0","0","Organization|WebSite|WebPage|Article|BreadcrumbList","","keep"
"https://brollyexamprep.com/government-exams/state/telangana/tgpsc-group-4/syllabus/","true","774","7","190","1","3","0","0","0","Organization|WebSite|WebPage|Article|BreadcrumbList","","keep"
"https://brollyexamprep.com/government-exams/state/uttar-pradesh/","true","792","1034","195","4","3","0","0","0","Organization|WebSite|WebPage|FAQPage|BreadcrumbList","","keep"
"https://brollyexamprep.com/government-exams/state/uttar-pradesh/departmental-tests/","true","3404","7","189","16","3","0","0","0","Organization|WebSite|WebPage|Article|FAQPage|BreadcrumbList","","keep"
"https://brollyexamprep.com/government-exams/state/uttar-pradesh/departmental-tests/exam-pattern/","true","375","7","190","1","3","0","0","0","Organization|WebSite|WebPage|Article|BreadcrumbList","","keep"
"https://brollyexamprep.com/government-exams/state/uttar-pradesh/departmental-tests/mock-tests/","true","358","7","190","1","3","0","0","0","Organization|WebSite|WebPage|Article|BreadcrumbList","","keep"
"https://brollyexamprep.com/government-exams/state/uttar-pradesh/departmental-tests/preparation/","true","438","7","190","1","3","0","0","0","Organization|WebSite|WebPage|Article|BreadcrumbList","","keep"
"https://brollyexamprep.com/government-exams/state/uttar-pradesh/departmental-tests/previous-year-papers/","true","361","7","190","4","3","0","0","0","Organization|WebSite|WebPage|Article|BreadcrumbList","","keep"
"https://brollyexamprep.com/government-exams/state/uttar-pradesh/departmental-tests/study-material/","true","348","7","192","1","3","0","0","0","Organization|WebSite|WebPage|Article|BreadcrumbList","","keep"
"https://brollyexamprep.com/government-exams/state/uttar-pradesh/departmental-tests/syllabus/","true","378","7","190","4","3","0","0","0","Organization|WebSite|WebPage|Article|BreadcrumbList","","keep"
"https://brollyexamprep.com/government-exams/state/uttar-pradesh/junior-assistant-posts/","true","2928","8","189","21","3","0","0","0","Organization|WebSite|WebPage|Article|FAQPage|BreadcrumbList","","keep"
"https://brollyexamprep.com/government-exams/state/uttar-pradesh/junior-assistant-posts/exam-pattern/","true","377","7","190","1","3","0","0","0","Organization|WebSite|WebPage|Article|BreadcrumbList","","keep"
"https://brollyexamprep.com/government-exams/state/uttar-pradesh/junior-assistant-posts/mock-tests/","true","345","7","190","1","3","0","0","0","Organization|WebSite|WebPage|Article|BreadcrumbList","","keep"
"https://brollyexamprep.com/government-exams/state/uttar-pradesh/junior-assistant-posts/preparation/","true","439","7","190","1","3","0","0","0","Organization|WebSite|WebPage|Article|BreadcrumbList","","keep"
"https://brollyexamprep.com/government-exams/state/uttar-pradesh/junior-assistant-posts/previous-year-papers/","true","316","7","191","2","3","0","0","0","Organization|WebSite|WebPage|Article|BreadcrumbList","","keep"
"https://brollyexamprep.com/government-exams/state/uttar-pradesh/junior-assistant-posts/study-material/","true","323","7","192","1","3","0","0","0","Organization|WebSite|WebPage|Article|BreadcrumbList","","keep"
"https://brollyexamprep.com/government-exams/state/uttar-pradesh/junior-assistant-posts/syllabus/","true","348","7","190","3","3","0","0","0","Organization|WebSite|WebPage|Article|BreadcrumbList","","keep"
"https://brollyexamprep.com/government-exams/state/uttar-pradesh/teaching-posts/","true","3624","7","189","23","3","0","0","0","Organization|WebSite|WebPage|Article|FAQPage|BreadcrumbList","","keep"
"https://brollyexamprep.com/government-exams/state/uttar-pradesh/teaching-posts/exam-pattern/","true","374","7","190","1","3","0","0","0","Organization|WebSite|WebPage|Article|BreadcrumbList","","keep"
"https://brollyexamprep.com/government-exams/state/uttar-pradesh/teaching-posts/mock-tests/","true","357","7","190","1","3","0","0","0","Organization|WebSite|WebPage|Article|BreadcrumbList","","keep"
"https://brollyexamprep.com/government-exams/state/uttar-pradesh/teaching-posts/preparation/","true","452","7","190","1","3","0","0","0","Organization|WebSite|WebPage|Article|BreadcrumbList","","keep"
"https://brollyexamprep.com/government-exams/state/uttar-pradesh/teaching-posts/previous-year-papers/","true","341","7","191","4","3","0","0","0","Organization|WebSite|WebPage|Article|BreadcrumbList","","keep"
"https://brollyexamprep.com/government-exams/state/uttar-pradesh/teaching-posts/study-material/","true","365","7","190","1","3","0","0","0","Organization|WebSite|WebPage|Article|BreadcrumbList","","keep"
"https://brollyexamprep.com/government-exams/state/uttar-pradesh/teaching-posts/syllabus/","true","430","7","190","7","3","0","0","0","Organization|WebSite|WebPage|Article|BreadcrumbList","","keep"
"https://brollyexamprep.com/government-exams/state/uttar-pradesh/technical-posts/","true","3339","7","189","19","3","0","0","0","Organization|WebSite|WebPage|Article|FAQPage|BreadcrumbList","","keep"
"https://brollyexamprep.com/government-exams/state/uttar-pradesh/technical-posts/exam-pattern/","true","358","7","190","1","3","0","0","0","Organization|WebSite|WebPage|Article|BreadcrumbList","","keep"
"https://brollyexamprep.com/government-exams/state/uttar-pradesh/technical-posts/mock-tests/","true","344","7","190","1","3","0","0","0","Organization|WebSite|WebPage|Article|BreadcrumbList","","keep"
"https://brollyexamprep.com/government-exams/state/uttar-pradesh/technical-posts/preparation/","true","448","7","190","1","3","0","0","0","Organization|WebSite|WebPage|Article|BreadcrumbList","","keep"
"https://brollyexamprep.com/government-exams/state/uttar-pradesh/technical-posts/previous-year-papers/","true","354","7","190","5","3","0","0","0","Organization|WebSite|WebPage|Article|BreadcrumbList","","keep"
"https://brollyexamprep.com/government-exams/state/uttar-pradesh/technical-posts/study-material/","true","349","7","191","1","3","0","0","0","Organization|WebSite|WebPage|Article|BreadcrumbList","","keep"
"https://brollyexamprep.com/government-exams/state/uttar-pradesh/technical-posts/syllabus/","true","414","7","190","4","3","0","0","0","Organization|WebSite|WebPage|Article|BreadcrumbList","","keep"
"https://brollyexamprep.com/government-exams/state/uttar-pradesh/uppsc-pcs/","true","3178","9","189","13","3","0","0","0","Organization|WebSite|WebPage|Article|FAQPage|BreadcrumbList","","keep"
"https://brollyexamprep.com/government-exams/state/uttar-pradesh/uppsc-pcs/exam-pattern/","true","351","7","190","1","3","0","0","0","Organization|WebSite|WebPage|Article|BreadcrumbList","","keep"
"https://brollyexamprep.com/government-exams/state/uttar-pradesh/uppsc-pcs/mock-tests/","true","346","7","190","1","3","0","0","0","Organization|WebSite|WebPage|Article|BreadcrumbList","","keep"
"https://brollyexamprep.com/government-exams/state/uttar-pradesh/uppsc-pcs/preparation/","true","407","7","190","1","3","0","0","0","Organization|WebSite|WebPage|Article|BreadcrumbList","","keep"
"https://brollyexamprep.com/government-exams/state/uttar-pradesh/uppsc-pcs/previous-year-papers/","true","329","7","190","3","3","0","0","0","Organization|WebSite|WebPage|Article|BreadcrumbList","","keep"
"https://brollyexamprep.com/government-exams/state/uttar-pradesh/uppsc-pcs/study-material/","true","334","7","190","1","3","0","0","0","Organization|WebSite|WebPage|Article|BreadcrumbList","","keep"
"https://brollyexamprep.com/government-exams/state/uttar-pradesh/uppsc-pcs/syllabus/","true","378","7","190","3","3","0","0","0","Organization|WebSite|WebPage|Article|BreadcrumbList","","keep"
"https://brollyexamprep.com/government-exams/state/uttar-pradesh/uppsc-ro-and-aro/","true","2924","7","189","10","3","0","0","0","Organization|WebSite|WebPage|Article|FAQPage|BreadcrumbList","","keep"
"https://brollyexamprep.com/government-exams/state/uttar-pradesh/uppsc-ro-and-aro/exam-pattern/","true","369","7","190","1","3","0","0","0","Organization|WebSite|WebPage|Article|BreadcrumbList","","keep"
"https://brollyexamprep.com/government-exams/state/uttar-pradesh/uppsc-ro-and-aro/mock-tests/","true","362","7","190","1","3","0","0","0","Organization|WebSite|WebPage|Article|BreadcrumbList","","keep"
"https://brollyexamprep.com/government-exams/state/uttar-pradesh/uppsc-ro-and-aro/preparation/","true","422","7","190","1","3","0","0","0","Organization|WebSite|WebPage|Article|BreadcrumbList","","keep"
"https://brollyexamprep.com/government-exams/state/uttar-pradesh/uppsc-ro-and-aro/previous-year-papers/","true","320","7","190","3","3","0","0","0","Organization|WebSite|WebPage|Article|BreadcrumbList","","keep"
"https://brollyexamprep.com/government-exams/state/uttar-pradesh/uppsc-ro-and-aro/study-material/","true","327","7","191","1","3","0","0","0","Organization|WebSite|WebPage|Article|BreadcrumbList","","keep"
"https://brollyexamprep.com/government-exams/state/uttar-pradesh/uppsc-ro-and-aro/syllabus/","true","434","7","190","2","3","0","0","0","Organization|WebSite|WebPage|Article|BreadcrumbList","","keep"
"https://brollyexamprep.com/government-exams/state/uttar-pradesh/upsssc-lekhpal/","true","2703","9","189","18","3","0","0","0","Organization|WebSite|WebPage|Article|FAQPage|BreadcrumbList","","keep"
"https://brollyexamprep.com/government-exams/state/uttar-pradesh/upsssc-lekhpal/exam-pattern/","true","330","7","190","1","3","0","0","0","Organization|WebSite|WebPage|Article|BreadcrumbList","","keep"
"https://brollyexamprep.com/government-exams/state/uttar-pradesh/upsssc-lekhpal/mock-tests/","true","302","7","190","1","3","0","0","0","Organization|WebSite|WebPage|Article|BreadcrumbList","","keep"
"https://brollyexamprep.com/government-exams/state/uttar-pradesh/upsssc-lekhpal/preparation/","true","403","7","190","1","3","0","0","0","Organization|WebSite|WebPage|Article|BreadcrumbList","","keep"
"https://brollyexamprep.com/government-exams/state/uttar-pradesh/upsssc-lekhpal/previous-year-papers/","true","299","7","191","2","3","0","0","0","Organization|WebSite|WebPage|Article|BreadcrumbList","","keep"
"https://brollyexamprep.com/government-exams/state/uttar-pradesh/upsssc-lekhpal/study-material/","true","306","7","191","1","3","0","0","0","Organization|WebSite|WebPage|Article|BreadcrumbList","","keep"
"https://brollyexamprep.com/government-exams/state/uttar-pradesh/upsssc-lekhpal/syllabus/","true","360","7","190","2","3","0","0","0","Organization|WebSite|WebPage|Article|BreadcrumbList","","keep"
"https://brollyexamprep.com/government-exams/state/uttar-pradesh/upsssc-pet/","true","2757","12","189","16","3","0","0","0","Organization|WebSite|WebPage|Article|FAQPage|BreadcrumbList","","keep"
"https://brollyexamprep.com/government-exams/state/uttar-pradesh/upsssc-pet/exam-pattern/","true","342","7","190","1","3","0","0","0","Organization|WebSite|WebPage|Article|BreadcrumbList","","keep"
"https://brollyexamprep.com/government-exams/state/uttar-pradesh/upsssc-pet/mock-tests/","true","313","7","190","1","3","0","0","0","Organization|WebSite|WebPage|Article|BreadcrumbList","","keep"
"https://brollyexamprep.com/government-exams/state/uttar-pradesh/upsssc-pet/preparation/","true","406","7","190","1","3","0","0","0","Organization|WebSite|WebPage|Article|BreadcrumbList","","keep"
"https://brollyexamprep.com/government-exams/state/uttar-pradesh/upsssc-pet/previous-year-papers/","true","287","7","190","3","3","0","0","0","Organization|WebSite|WebPage|Article|BreadcrumbList","","keep"
"https://brollyexamprep.com/government-exams/state/uttar-pradesh/upsssc-pet/study-material/","true","304","7","192","1","3","0","0","0","Organization|WebSite|WebPage|Article|BreadcrumbList","","keep"
"https://brollyexamprep.com/government-exams/state/uttar-pradesh/upsssc-pet/syllabus/","true","355","7","190","3","3","0","0","0","Organization|WebSite|WebPage|Article|BreadcrumbList","","keep"
"https://brollyexamprep.com/government-exams/state/uttar-pradesh/uttar-pradesh-police/","true","3398","8","189","19","3","0","0","0","Organization|WebSite|WebPage|Article|FAQPage|BreadcrumbList","","keep"
"https://brollyexamprep.com/government-exams/state/uttar-pradesh/uttar-pradesh-police/exam-pattern/","true","369","7","190","1","3","0","0","0","Organization|WebSite|WebPage|Article|BreadcrumbList","","keep"
"https://brollyexamprep.com/government-exams/state/uttar-pradesh/uttar-pradesh-police/mock-tests/","true","334","7","190","1","3","0","0","0","Organization|WebSite|WebPage|Article|BreadcrumbList","","keep"
"https://brollyexamprep.com/government-exams/state/uttar-pradesh/uttar-pradesh-police/preparation/","true","419","7","190","1","3","0","0","0","Organization|WebSite|WebPage|Article|BreadcrumbList","","keep"
"https://brollyexamprep.com/government-exams/state/uttar-pradesh/uttar-pradesh-police/previous-year-papers/","true","334","7","190","3","3","0","0","0","Organization|WebSite|WebPage|Article|BreadcrumbList","","keep"
"https://brollyexamprep.com/government-exams/state/uttar-pradesh/uttar-pradesh-police/study-material/","true","345","7","190","1","3","0","0","0","Organization|WebSite|WebPage|Article|BreadcrumbList","","keep"
"https://brollyexamprep.com/government-exams/state/uttar-pradesh/uttar-pradesh-police/syllabus/","true","383","7","190","3","3","0","0","0","Organization|WebSite|WebPage|Article|BreadcrumbList","","keep"
"https://brollyexamprep.com/government-exams/teaching-net/","true","998","1034","209","1","3","0","0","0","Organization|WebSite|WebPage|CollectionPage|FAQPage|BreadcrumbList","","keep"
"https://brollyexamprep.com/government-exams/teaching-net/csir-net/","true","1196","1034","189","1","3","0","0","0","Organization|WebSite|WebPage|Article|FAQPage|BreadcrumbList","","keep"
"https://brollyexamprep.com/government-exams/teaching-net/csir-net/exam-pattern/","true","841","10","189","1","3","0","0","0","Organization|WebSite|WebPage|Article|BreadcrumbList","","keep"
"https://brollyexamprep.com/government-exams/teaching-net/csir-net/mock-tests/","true","753","10","189","1","3","0","0","0","Organization|WebSite|WebPage|Article|BreadcrumbList","","keep"
"https://brollyexamprep.com/government-exams/teaching-net/csir-net/preparation/","true","803","10","189","1","3","0","0","0","Organization|WebSite|WebPage|Article|BreadcrumbList","","keep"
"https://brollyexamprep.com/government-exams/teaching-net/csir-net/previous-year-papers/","true","767","10","189","1","3","0","0","0","Organization|WebSite|WebPage|Article|BreadcrumbList","","keep"
"https://brollyexamprep.com/government-exams/teaching-net/csir-net/study-material/","true","853","10","189","1","3","0","0","0","Organization|WebSite|WebPage|Article|BreadcrumbList","","keep"
"https://brollyexamprep.com/government-exams/teaching-net/csir-net/syllabus/","true","721","10","189","1","3","0","0","0","Organization|WebSite|WebPage|Article|BreadcrumbList","","keep"
"https://brollyexamprep.com/government-exams/teaching-net/ctet/","true","1178","11","189","1","3","0","0","0","Organization|WebSite|WebPage|Article|FAQPage|BreadcrumbList","","keep"
"https://brollyexamprep.com/government-exams/teaching-net/ctet/exam-pattern/","true","835","10","190","1","3","0","0","0","Organization|WebSite|WebPage|Article|BreadcrumbList","","keep"
"https://brollyexamprep.com/government-exams/teaching-net/ctet/mock-tests/","true","820","10","191","1","3","0","0","0","Organization|WebSite|WebPage|Article|BreadcrumbList","","keep"
"https://brollyexamprep.com/government-exams/teaching-net/ctet/preparation/","true","798","10","190","1","3","0","0","0","Organization|WebSite|WebPage|Article|BreadcrumbList","","keep"
"https://brollyexamprep.com/government-exams/teaching-net/ctet/previous-year-papers/","true","762","10","191","1","3","0","0","0","Organization|WebSite|WebPage|Article|BreadcrumbList","","keep"
"https://brollyexamprep.com/government-exams/teaching-net/ctet/study-material/","true","861","10","190","1","3","0","0","0","Organization|WebSite|WebPage|Article|BreadcrumbList","","keep"
"https://brollyexamprep.com/government-exams/teaching-net/ctet/syllabus/","true","751","10","190","1","3","0","0","0","Organization|WebSite|WebPage|Article|BreadcrumbList","","keep"
"https://brollyexamprep.com/government-exams/teaching-net/state-tet/","true","1209","13","189","1","3","0","0","0","Organization|WebSite|WebPage|Article|FAQPage|BreadcrumbList","","keep"
"https://brollyexamprep.com/government-exams/teaching-net/state-tet/exam-pattern/","true","731","10","190","1","3","0","0","0","Organization|WebSite|WebPage|Article|BreadcrumbList","","keep"
"https://brollyexamprep.com/government-exams/teaching-net/state-tet/mock-tests/","true","762","12","191","1","3","0","0","0","Organization|WebSite|WebPage|Article|BreadcrumbList","","keep"
"https://brollyexamprep.com/government-exams/teaching-net/state-tet/preparation/","true","767","10","190","1","3","0","0","0","Organization|WebSite|WebPage|Article|BreadcrumbList","","keep"
"https://brollyexamprep.com/government-exams/teaching-net/state-tet/previous-year-papers/","true","755","12","192","1","3","0","0","0","Organization|WebSite|WebPage|Article|BreadcrumbList","","keep"
"https://brollyexamprep.com/government-exams/teaching-net/state-tet/study-material/","true","820","12","190","1","3","0","0","0","Organization|WebSite|WebPage|Article|BreadcrumbList","","keep"
"https://brollyexamprep.com/government-exams/teaching-net/state-tet/syllabus/","true","779","10","190","1","3","0","0","0","Organization|WebSite|WebPage|Article|BreadcrumbList","","keep"
"https://brollyexamprep.com/government-exams/teaching-net/ugc-net/","true","1118","1034","189","1","3","0","0","0","Organization|WebSite|WebPage|Article|FAQPage|BreadcrumbList","","keep"
"https://brollyexamprep.com/government-exams/teaching-net/ugc-net/exam-pattern/","true","757","10","189","1","3","0","0","0","Organization|WebSite|WebPage|Article|BreadcrumbList","","keep"
"https://brollyexamprep.com/government-exams/teaching-net/ugc-net/mock-tests/","true","793","10","189","1","3","0","0","0","Organization|WebSite|WebPage|Article|BreadcrumbList","","keep"
"https://brollyexamprep.com/government-exams/teaching-net/ugc-net/preparation/","true","840","10","189","1","3","0","0","0","Organization|WebSite|WebPage|Article|BreadcrumbList","","keep"
"https://brollyexamprep.com/government-exams/teaching-net/ugc-net/previous-year-papers/","true","754","10","189","1","3","0","0","0","Organization|WebSite|WebPage|Article|BreadcrumbList","","keep"
"https://brollyexamprep.com/government-exams/teaching-net/ugc-net/study-material/","true","834","10","189","1","3","0","0","0","Organization|WebSite|WebPage|Article|BreadcrumbList","","keep"
"https://brollyexamprep.com/government-exams/teaching-net/ugc-net/syllabus/","true","693","10","189","1","3","0","0","0","Organization|WebSite|WebPage|Article|BreadcrumbList","","keep"
"https://brollyexamprep.com/government-exams/upsc/","true","992","1034","207","1","3","0","0","0","Organization|WebSite|WebPage|CollectionPage|FAQPage|BreadcrumbList","","keep"
"https://brollyexamprep.com/government-exams/upsc/capf/","true","1148","1034","189","1","3","0","0","0","Organization|WebSite|WebPage|Article|FAQPage|BreadcrumbList","","keep"
"https://brollyexamprep.com/government-exams/upsc/capf/exam-pattern/","true","852","10","189","1","3","0","0","0","Organization|WebSite|WebPage|Article|BreadcrumbList","","keep"
"https://brollyexamprep.com/government-exams/upsc/capf/mock-tests/","true","804","10","189","1","3","0","0","0","Organization|WebSite|WebPage|Article|BreadcrumbList","","keep"
"https://brollyexamprep.com/government-exams/upsc/capf/preparation/","true","826","10","189","1","3","0","0","0","Organization|WebSite|WebPage|Article|BreadcrumbList","","keep"
"https://brollyexamprep.com/government-exams/upsc/capf/previous-year-papers/","true","772","10","189","1","3","0","0","0","Organization|WebSite|WebPage|Article|BreadcrumbList","","keep"
"https://brollyexamprep.com/government-exams/upsc/capf/study-material/","true","856","10","189","1","3","0","0","0","Organization|WebSite|WebPage|Article|BreadcrumbList","","keep"
"https://brollyexamprep.com/government-exams/upsc/capf/syllabus/","true","672","10","189","1","3","0","0","0","Organization|WebSite|WebPage|Article|BreadcrumbList","","keep"
"https://brollyexamprep.com/government-exams/upsc/cds/","true","1210","1034","189","1","3","0","0","0","Organization|WebSite|WebPage|Article|FAQPage|BreadcrumbList","","keep"
"https://brollyexamprep.com/government-exams/upsc/cds/exam-pattern/","true","763","10","189","1","3","0","0","0","Organization|WebSite|WebPage|Article|BreadcrumbList","","keep"
"https://brollyexamprep.com/government-exams/upsc/cds/mock-tests/","true","794","10","190","1","3","0","0","0","Organization|WebSite|WebPage|Article|BreadcrumbList","","keep"
"https://brollyexamprep.com/government-exams/upsc/cds/preparation/","true","804","10","189","1","3","0","0","0","Organization|WebSite|WebPage|Article|BreadcrumbList","","keep"
"https://brollyexamprep.com/government-exams/upsc/cds/previous-year-papers/","true","694","10","190","1","3","0","0","0","Organization|WebSite|WebPage|Article|BreadcrumbList","","keep"
"https://brollyexamprep.com/government-exams/upsc/cds/study-material/","true","797","10","189","1","3","0","0","0","Organization|WebSite|WebPage|Article|BreadcrumbList","","keep"
"https://brollyexamprep.com/government-exams/upsc/cds/syllabus/","true","759","10","189","1","3","0","0","0","Organization|WebSite|WebPage|Article|BreadcrumbList","","keep"
"https://brollyexamprep.com/government-exams/upsc/engineering-services/","true","1206","1034","189","1","3","0","0","0","Organization|WebSite|WebPage|Article|FAQPage|BreadcrumbList","","keep"
"https://brollyexamprep.com/government-exams/upsc/engineering-services/exam-pattern/","true","838","10","189","1","3","0","0","0","Organization|WebSite|WebPage|Article|BreadcrumbList","","keep"
"https://brollyexamprep.com/government-exams/upsc/engineering-services/mock-tests/","true","793","10","189","1","3","0","0","0","Organization|WebSite|WebPage|Article|BreadcrumbList","","keep"
"https://brollyexamprep.com/government-exams/upsc/engineering-services/preparation/","true","834","10","189","1","3","0","0","0","Organization|WebSite|WebPage|Article|BreadcrumbList","","keep"
"https://brollyexamprep.com/government-exams/upsc/engineering-services/previous-year-papers/","true","825","10","189","1","3","0","0","0","Organization|WebSite|WebPage|Article|BreadcrumbList","","keep"
"https://brollyexamprep.com/government-exams/upsc/engineering-services/study-material/","true","899","10","189","1","3","0","0","0","Organization|WebSite|WebPage|Article|BreadcrumbList","","keep"
"https://brollyexamprep.com/government-exams/upsc/engineering-services/syllabus/","true","721","10","189","1","3","0","0","0","Organization|WebSite|WebPage|Article|BreadcrumbList","","keep"
"https://brollyexamprep.com/government-exams/upsc/indian-forest-service/","true","1233","1034","189","1","3","0","0","0","Organization|WebSite|WebPage|Article|FAQPage|BreadcrumbList","","keep"
"https://brollyexamprep.com/government-exams/upsc/indian-forest-service/exam-pattern/","true","783","10","189","1","3","0","0","0","Organization|WebSite|WebPage|Article|BreadcrumbList","","keep"
"https://brollyexamprep.com/government-exams/upsc/indian-forest-service/mock-tests/","true","813","10","189","1","3","0","0","0","Organization|WebSite|WebPage|Article|BreadcrumbList","","keep"
"https://brollyexamprep.com/government-exams/upsc/indian-forest-service/preparation/","true","858","10","189","1","3","0","0","0","Organization|WebSite|WebPage|Article|BreadcrumbList","","keep"
"https://brollyexamprep.com/government-exams/upsc/indian-forest-service/previous-year-papers/","true","759","10","189","1","3","0","0","0","Organization|WebSite|WebPage|Article|BreadcrumbList","","keep"
"https://brollyexamprep.com/government-exams/upsc/indian-forest-service/study-material/","true","834","10","189","1","3","0","0","0","Organization|WebSite|WebPage|Article|BreadcrumbList","","keep"
"https://brollyexamprep.com/government-exams/upsc/indian-forest-service/syllabus/","true","633","10","189","1","3","0","0","0","Organization|WebSite|WebPage|Article|BreadcrumbList","","keep"
"https://brollyexamprep.com/government-exams/upsc/nda/","true","1235","1034","189","1","3","0","0","0","Organization|WebSite|WebPage|Article|FAQPage|BreadcrumbList","","keep"
"https://brollyexamprep.com/government-exams/upsc/nda/exam-pattern/","true","858","10","189","1","3","0","0","0","Organization|WebSite|WebPage|Article|BreadcrumbList","","keep"
"https://brollyexamprep.com/government-exams/upsc/nda/mock-tests/","true","875","10","190","1","3","0","0","0","Organization|WebSite|WebPage|Article|BreadcrumbList","","keep"
"https://brollyexamprep.com/government-exams/upsc/nda/preparation/","true","892","10","189","1","3","0","0","0","Organization|WebSite|WebPage|Article|BreadcrumbList","","keep"
"https://brollyexamprep.com/government-exams/upsc/nda/previous-year-papers/","true","762","10","190","1","3","0","0","0","Organization|WebSite|WebPage|Article|BreadcrumbList","","keep"
"https://brollyexamprep.com/government-exams/upsc/nda/study-material/","true","864","10","189","1","3","0","0","0","Organization|WebSite|WebPage|Article|BreadcrumbList","","keep"
"https://brollyexamprep.com/government-exams/upsc/nda/syllabus/","true","795","10","189","1","3","0","0","0","Organization|WebSite|WebPage|Article|BreadcrumbList","","keep"
"https://brollyexamprep.com/government-exams/upsc/upsc-civil-services/","true","1384","1034","189","1","3","0","0","0","Organization|WebSite|WebPage|Article|FAQPage|BreadcrumbList","","keep"
"https://brollyexamprep.com/government-exams/upsc/upsc-civil-services/exam-pattern/","true","940","10","189","1","3","0","0","0","Organization|WebSite|WebPage|Article|BreadcrumbList","","keep"
"https://brollyexamprep.com/government-exams/upsc/upsc-civil-services/mock-tests/","true","976","10","189","1","3","0","0","0","Organization|WebSite|WebPage|Article|BreadcrumbList","","keep"
"https://brollyexamprep.com/government-exams/upsc/upsc-civil-services/preparation/","true","622","10","189","1","3","0","0","0","Organization|WebSite|WebPage|Article|BreadcrumbList","","keep"
"https://brollyexamprep.com/government-exams/upsc/upsc-civil-services/previous-year-papers/","true","773","10","189","1","3","0","0","0","Organization|WebSite|WebPage|Article|BreadcrumbList","","keep"
"https://brollyexamprep.com/government-exams/upsc/upsc-civil-services/study-material/","true","978","10","189","1","3","0","0","0","Organization|WebSite|WebPage|Article|BreadcrumbList","","keep"
"https://brollyexamprep.com/government-exams/upsc/upsc-civil-services/syllabus/","true","713","10","189","1","3","0","0","0","Organization|WebSite|WebPage|Article|BreadcrumbList","","keep"
"https://brollyexamprep.com/government-jobs/","true","800","1034","183","1","3","0","0","0","Organization|WebSite|WebPage|CollectionPage|FAQPage|BreadcrumbList","","keep"
"https://brollyexamprep.com/login/","false","67","1034","183","1","4","0","0","0","Organization|WebSite|WebPage","","noindex"
"https://brollyexamprep.com/mock-tests/","true","991","1034","190","1","3","0","0","0","Organization|WebSite|WebPage|BreadcrumbList","","keep"
"https://brollyexamprep.com/mock-tests/banking/","true","679","1034","190","1","3","0","0","0","Organization|WebSite|WebPage|BreadcrumbList","","keep"
"https://brollyexamprep.com/mock-tests/ctet/","true","734","13","186","1","3","0","0","0","Organization|WebSite|WebPage|BreadcrumbList","","keep"
"https://brollyexamprep.com/mock-tests/free/","true","994","1034","190","1","3","0","0","0","Organization|WebSite|WebPage|BreadcrumbList","","keep"
"https://brollyexamprep.com/mock-tests/ibps-po/","true","695","21","186","1","3","0","0","0","Organization|WebSite|WebPage|BreadcrumbList","","keep"
"https://brollyexamprep.com/mock-tests/nda/","true","740","14","186","1","3","0","0","0","Organization|WebSite|WebPage|BreadcrumbList","","keep"
"https://brollyexamprep.com/mock-tests/railways/","true","649","1034","190","1","3","0","0","0","Organization|WebSite|WebPage|BreadcrumbList","","keep"
"https://brollyexamprep.com/mock-tests/rrb-ntpc/","true","709","18","186","1","3","0","0","0","Organization|WebSite|WebPage|BreadcrumbList","","keep"
"https://brollyexamprep.com/mock-tests/sbi-po/","true","709","20","186","1","3","0","0","0","Organization|WebSite|WebPage|BreadcrumbList","","keep"
"https://brollyexamprep.com/mock-tests/ssc-cgl/","true","744","86","186","1","3","0","0","0","Organization|WebSite|WebPage|BreadcrumbList","","keep"
"https://brollyexamprep.com/mock-tests/ssc/","true","672","1034","190","1","3","0","0","0","Organization|WebSite|WebPage|BreadcrumbList","","keep"
"https://brollyexamprep.com/mock-tests/state-psc/","true","752","1034","186","1","3","0","0","0","Organization|WebSite|WebPage|BreadcrumbList","","keep"
"https://brollyexamprep.com/mock-tests/teaching/","true","643","1034","190","1","3","0","0","0","Organization|WebSite|WebPage|BreadcrumbList","","keep"
"https://brollyexamprep.com/mock-tests/upsc-cse/","true","751","13","186","1","3","0","0","0","Organization|WebSite|WebPage|BreadcrumbList","","keep"
"https://brollyexamprep.com/mock-tests/upsc/","true","658","1034","190","1","3","0","0","0","Organization|WebSite|WebPage|BreadcrumbList","","keep"
"https://brollyexamprep.com/practice/","true","1027","1034","190","1","3","0","0","0","Organization|WebSite|WebPage|BreadcrumbList","","keep"
"https://brollyexamprep.com/practice/daily-quiz/","true","669","1034","183","1","3","0","0","0","Organization|WebSite|WebPage|CollectionPage|FAQPage|BreadcrumbList","","keep"
"https://brollyexamprep.com/practice/question-bank/","true","670","1034","183","1","3","0","0","0","Organization|WebSite|WebPage|CollectionPage|FAQPage|BreadcrumbList","","keep"
"https://brollyexamprep.com/practice/sectional-tests/","true","642","1034","183","1","3","0","0","0","Organization|WebSite|WebPage|CollectionPage|FAQPage|BreadcrumbList","","keep"
"https://brollyexamprep.com/practice/topic-wise-questions/","true","687","1034","183","1","3","0","0","0","Organization|WebSite|WebPage|CollectionPage|FAQPage|BreadcrumbList","","keep"
"https://brollyexamprep.com/previous-year-papers/","true","1298","1034","183","1","3","0","0","0","Organization|WebSite|WebPage|BreadcrumbList","","keep"
"https://brollyexamprep.com/previous-year-questions/","true","714","1034","183","1","3","0","0","0","Organization|WebSite|WebPage|CollectionPage|FAQPage|BreadcrumbList","","keep"
"https://brollyexamprep.com/privacy-policy/","true","1016","1034","182","2","3","0","0","0","Organization|WebSite|WebPage|BreadcrumbList","","keep"
"https://brollyexamprep.com/refund-policy/","true","635","1034","182","2","3","0","0","0","Organization|WebSite|WebPage|BreadcrumbList","","keep"
"https://brollyexamprep.com/register/","false","81","1012","182","1","4","0","0","0","Organization|WebSite|WebPage","","noindex"
"https://brollyexamprep.com/search/","false","39","0","182","1","3","0","0","0","Organization|WebSite|WebPage|BreadcrumbList","","noindex"
"https://brollyexamprep.com/study-material/","true","1065","1034","183","1","3","0","0","0","Organization|WebSite|WebPage|BreadcrumbList","","keep"
"https://brollyexamprep.com/study-material/art-culture/","true","880","1034","186","1","3","0","0","0","Organization|WebSite|WebPage|FAQPage|CollectionPage|BreadcrumbList","","keep"
"https://brollyexamprep.com/study-material/art-culture/architecture/","true","5064","3","188","1","3","0","0","0","Organization|WebSite|WebPage|Article|FAQPage|BreadcrumbList","","keep"
"https://brollyexamprep.com/study-material/art-culture/literature-heritage/","true","4761","4","187","1","3","0","0","0","Organization|WebSite|WebPage|Article|FAQPage|BreadcrumbList","","keep"
"https://brollyexamprep.com/study-material/art-culture/performing-arts/","true","4727","3","187","1","3","0","0","0","Organization|WebSite|WebPage|Article|FAQPage|BreadcrumbList","","keep"
"https://brollyexamprep.com/study-material/biology/","true","876","1034","186","1","3","0","0","0","Organization|WebSite|WebPage|FAQPage|CollectionPage|BreadcrumbList","","keep"
"https://brollyexamprep.com/study-material/biology/cell-and-genetics/","true","4637","3","188","1","3","0","0","0","Organization|WebSite|WebPage|Article|FAQPage|BreadcrumbList","","keep"
"https://brollyexamprep.com/study-material/biology/human-physiology/","true","4853","3","188","1","3","0","0","0","Organization|WebSite|WebPage|Article|FAQPage|BreadcrumbList","","keep"
"https://brollyexamprep.com/study-material/biology/plants-and-health/","true","4845","3","188","1","3","0","0","0","Organization|WebSite|WebPage|Article|FAQPage|BreadcrumbList","","keep"
"https://brollyexamprep.com/study-material/chemistry/","true","876","1034","186","1","3","0","0","0","Organization|WebSite|WebPage|FAQPage|CollectionPage|BreadcrumbList","","keep"
"https://brollyexamprep.com/study-material/chemistry/atomic-structure/","true","4851","3","187","1","3","0","0","0","Organization|WebSite|WebPage|Article|FAQPage|BreadcrumbList","","keep"
"https://brollyexamprep.com/study-material/chemistry/chemical-bonding/","true","5200","3","187","1","3","0","0","0","Organization|WebSite|WebPage|Article|FAQPage|BreadcrumbList","","keep"
"https://brollyexamprep.com/study-material/chemistry/organic-chemistry/","true","4947","3","187","1","3","0","0","0","Organization|WebSite|WebPage|Article|FAQPage|BreadcrumbList","","keep"
"https://brollyexamprep.com/study-material/constitution/","true","890","1034","186","1","3","0","0","0","Organization|WebSite|WebPage|FAQPage|CollectionPage|BreadcrumbList","","keep"
"https://brollyexamprep.com/study-material/constitution/amendments/","true","4575","3","188","1","3","0","0","0","Organization|WebSite|WebPage|Article|FAQPage|BreadcrumbList","","keep"
"https://brollyexamprep.com/study-material/constitution/fundamental-rights/","true","5223","5","187","1","3","0","0","0","Organization|WebSite|WebPage|Article|FAQPage|BreadcrumbList","","keep"
"https://brollyexamprep.com/study-material/constitution/making-of-the-constitution/","true","4922","3","187","1","3","0","0","0","Organization|WebSite|WebPage|Article|FAQPage|BreadcrumbList","","keep"
"https://brollyexamprep.com/study-material/dilr/","true","913","1034","186","1","3","0","0","0","Organization|WebSite|WebPage|FAQPage|CollectionPage|BreadcrumbList","","keep"
"https://brollyexamprep.com/study-material/dilr/data-interpretation/","true","4460","3","186","1","3","0","0","0","Organization|WebSite|WebPage|Article|FAQPage|BreadcrumbList","","keep"
"https://brollyexamprep.com/study-material/dilr/logical-reasoning-sets/","true","4755","3","186","1","3","0","0","0","Organization|WebSite|WebPage|Article|FAQPage|BreadcrumbList","","keep"
"https://brollyexamprep.com/study-material/dilr/set-selection/","true","4713","3","187","1","3","0","0","0","Organization|WebSite|WebPage|Article|FAQPage|BreadcrumbList","","keep"
"https://brollyexamprep.com/study-material/economy/","true","875","1034","186","1","3","0","0","0","Organization|WebSite|WebPage|FAQPage|CollectionPage|BreadcrumbList","","keep"
"https://brollyexamprep.com/study-material/economy/economic-basics/","true","5150","3","187","1","3","0","0","0","Organization|WebSite|WebPage|Article|FAQPage|BreadcrumbList","","keep"
"https://brollyexamprep.com/study-material/economy/money-and-banking/","true","5500","4","186","1","3","0","0","0","Organization|WebSite|WebPage|Article|FAQPage|BreadcrumbList","","keep"
"https://brollyexamprep.com/study-material/economy/public-finance/","true","5357","3","188","1","3","0","0","0","Organization|WebSite|WebPage|Article|FAQPage|BreadcrumbList","","keep"
"https://brollyexamprep.com/study-material/english/","true","1152","1034","183","1","3","0","0","0","Organization|WebSite|WebPage|FAQPage|CollectionPage|BreadcrumbList","","keep"
"https://brollyexamprep.com/study-material/english/cloze-test/","true","3883","1034","184","1","3","0","0","0","Organization|WebSite|WebPage|Article|FAQPage|BreadcrumbList","","keep"
"https://brollyexamprep.com/study-material/english/error-detection/","true","4014","1034","184","1","3","0","0","0","Organization|WebSite|WebPage|Article|FAQPage|BreadcrumbList","","keep"
"https://brollyexamprep.com/study-material/english/grammar/","true","4237","1034","184","1","3","0","0","0","Organization|WebSite|WebPage|Article|FAQPage|BreadcrumbList","","keep"
"https://brollyexamprep.com/study-material/english/para-jumbles/","true","4643","1034","184","1","3","0","0","0","Organization|WebSite|WebPage|Article|FAQPage|BreadcrumbList","","keep"
"https://brollyexamprep.com/study-material/english/reading-comprehension/","true","5001","1034","184","1","3","0","0","0","Organization|WebSite|WebPage|Article|FAQPage|BreadcrumbList","","keep"
"https://brollyexamprep.com/study-material/english/vocabulary/","true","3922","1034","184","1","3","0","0","0","Organization|WebSite|WebPage|Article|FAQPage|BreadcrumbList","","keep"
"https://brollyexamprep.com/study-material/environment/","true","882","1034","186","1","3","0","0","0","Organization|WebSite|WebPage|FAQPage|CollectionPage|BreadcrumbList","","keep"
"https://brollyexamprep.com/study-material/environment/biodiversity/","true","5221","3","187","1","3","0","0","0","Organization|WebSite|WebPage|Article|FAQPage|BreadcrumbList","","keep"
"https://brollyexamprep.com/study-material/environment/climate-change/","true","5170","4","187","1","3","0","0","0","Organization|WebSite|WebPage|Article|FAQPage|BreadcrumbList","","keep"
"https://brollyexamprep.com/study-material/environment/ecology-and-ecosystems/","true","4975","4","187","1","3","0","0","0","Organization|WebSite|WebPage|Article|FAQPage|BreadcrumbList","","keep"
"https://brollyexamprep.com/study-material/general-knowledge/","true","876","1034","186","1","3","0","0","0","Organization|WebSite|WebPage|FAQPage|CollectionPage|BreadcrumbList","","keep"
"https://brollyexamprep.com/study-material/general-knowledge/awards-sports-books/","true","4359","3","188","1","3","0","0","0","Organization|WebSite|WebPage|Article|FAQPage|BreadcrumbList","","keep"
"https://brollyexamprep.com/study-material/general-knowledge/international-organisations/","true","4500","3","188","1","3","0","0","0","Organization|WebSite|WebPage|Article|FAQPage|BreadcrumbList","","keep"
"https://brollyexamprep.com/study-material/general-knowledge/static-gk/","true","4193","3","188","1","3","0","0","0","Organization|WebSite|WebPage|Article|FAQPage|BreadcrumbList","","keep"
"https://brollyexamprep.com/study-material/geography/","true","855","1034","186","1","3","0","0","0","Organization|WebSite|WebPage|FAQPage|CollectionPage|BreadcrumbList","","keep"
"https://brollyexamprep.com/study-material/geography/indian-geography/","true","5180","6","186","1","3","0","0","0","Organization|WebSite|WebPage|Article|FAQPage|BreadcrumbList","","keep"
"https://brollyexamprep.com/study-material/geography/physical-geography/","true","5452","5","186","1","3","0","0","0","Organization|WebSite|WebPage|Article|FAQPage|BreadcrumbList","","keep"
"https://brollyexamprep.com/study-material/geography/world-geography/","true","4694","4","186","1","3","0","0","0","Organization|WebSite|WebPage|Article|FAQPage|BreadcrumbList","","keep"
"https://brollyexamprep.com/study-material/history/","true","919","1034","186","1","3","0","0","0","Organization|WebSite|WebPage|FAQPage|CollectionPage|BreadcrumbList","","keep"
"https://brollyexamprep.com/study-material/history/ancient-india/","true","4375","5","186","1","3","0","0","0","Organization|WebSite|WebPage|Article|FAQPage|BreadcrumbList","","keep"
"https://brollyexamprep.com/study-material/history/medieval-india/","true","4429","5","186","1","3","0","0","0","Organization|WebSite|WebPage|Article|FAQPage|BreadcrumbList","","keep"
"https://brollyexamprep.com/study-material/history/modern-india/","true","4757","7","186","1","3","0","0","0","Organization|WebSite|WebPage|Article|FAQPage|BreadcrumbList","","keep"
"https://brollyexamprep.com/study-material/legal-reasoning/","true","960","1034","186","1","3","0","0","0","Organization|WebSite|WebPage|FAQPage|CollectionPage|BreadcrumbList","","keep"
"https://brollyexamprep.com/study-material/legal-reasoning/contract-tort-crime/","true","5519","3","188","1","3","0","0","0","Organization|WebSite|WebPage|Article|FAQPage|BreadcrumbList","","keep"
"https://brollyexamprep.com/study-material/legal-reasoning/legal-principles/","true","4959","3","187","1","3","0","0","0","Organization|WebSite|WebPage|Article|FAQPage|BreadcrumbList","","keep"
"https://brollyexamprep.com/study-material/legal-reasoning/legal-system/","true","5227","3","188","1","3","0","0","0","Organization|WebSite|WebPage|Article|FAQPage|BreadcrumbList","","keep"
"https://brollyexamprep.com/study-material/mathematics/","true","823","1034","186","1","3","0","0","0","Organization|WebSite|WebPage|FAQPage|CollectionPage|BreadcrumbList","","keep"
"https://brollyexamprep.com/study-material/mathematics/algebra/","true","4493","3","186","1","3","0","0","0","Organization|WebSite|WebPage|Article|FAQPage|BreadcrumbList","","keep"
"https://brollyexamprep.com/study-material/mathematics/geometry-mensuration/","true","4335","3","186","1","3","0","0","0","Organization|WebSite|WebPage|Article|FAQPage|BreadcrumbList","","keep"
"https://brollyexamprep.com/study-material/mathematics/trigonometry/","true","4404","3","186","1","3","0","0","0","Organization|WebSite|WebPage|Article|FAQPage|BreadcrumbList","","keep"
"https://brollyexamprep.com/study-material/physics/","true","909","1034","186","1","3","0","0","0","Organization|WebSite|WebPage|FAQPage|CollectionPage|BreadcrumbList","","keep"
"https://brollyexamprep.com/study-material/physics/electricity-magnetism/","true","5112","3","187","1","3","0","0","0","Organization|WebSite|WebPage|Article|FAQPage|BreadcrumbList","","keep"
"https://brollyexamprep.com/study-material/physics/heat-light-sound/","true","5046","4","187","1","3","0","0","0","Organization|WebSite|WebPage|Article|FAQPage|BreadcrumbList","","keep"
"https://brollyexamprep.com/study-material/physics/mechanics/","true","5170","3","187","1","3","0","0","0","Organization|WebSite|WebPage|Article|FAQPage|BreadcrumbList","","keep"
"https://brollyexamprep.com/study-material/polity/","true","892","1034","186","1","3","0","0","0","Organization|WebSite|WebPage|FAQPage|CollectionPage|BreadcrumbList","","keep"
"https://brollyexamprep.com/study-material/polity/executive/","true","5269","3","186","1","3","0","0","0","Organization|WebSite|WebPage|Article|FAQPage|BreadcrumbList","","keep"
"https://brollyexamprep.com/study-material/polity/judiciary-federalism/","true","5231","7","186","1","3","0","0","0","Organization|WebSite|WebPage|Article|FAQPage|BreadcrumbList","","keep"
"https://brollyexamprep.com/study-material/polity/parliament/","true","5304","5","187","1","3","0","0","0","Organization|WebSite|WebPage|Article|FAQPage|BreadcrumbList","","keep"
"https://brollyexamprep.com/study-material/quantitative-aptitude/","true","1194","1034","183","1","3","0","0","0","Organization|WebSite|WebPage|FAQPage|CollectionPage|BreadcrumbList","","keep"
"https://brollyexamprep.com/study-material/quantitative-aptitude/number-system/","true","4007","1034","184","1","3","0","0","0","Organization|WebSite|WebPage|Article|FAQPage|BreadcrumbList","","keep"
"https://brollyexamprep.com/study-material/quantitative-aptitude/percentages/","true","4344","1034","184","1","3","0","0","0","Organization|WebSite|WebPage|Article|FAQPage|BreadcrumbList","","keep"
"https://brollyexamprep.com/study-material/quantitative-aptitude/profit-loss/","true","3531","1034","184","1","3","0","0","0","Organization|WebSite|WebPage|Article|FAQPage|BreadcrumbList","","keep"
"https://brollyexamprep.com/study-material/quantitative-aptitude/ratio-proportion/","true","3846","1034","184","1","3","0","0","0","Organization|WebSite|WebPage|Article|FAQPage|BreadcrumbList","","keep"
"https://brollyexamprep.com/study-material/quantitative-aptitude/time-speed-distance/","true","3642","1034","184","1","3","0","0","0","Organization|WebSite|WebPage|Article|FAQPage|BreadcrumbList","","keep"
"https://brollyexamprep.com/study-material/quantitative-aptitude/time-work/","true","3822","1034","184","1","3","0","0","0","Organization|WebSite|WebPage|Article|FAQPage|BreadcrumbList","","keep"
"https://brollyexamprep.com/study-material/reasoning/","true","1187","1034","183","1","3","0","0","0","Organization|WebSite|WebPage|FAQPage|CollectionPage|BreadcrumbList","","keep"
"https://brollyexamprep.com/study-material/reasoning/blood-relations/","true","4427","1034","184","1","3","0","0","0","Organization|WebSite|WebPage|Article|FAQPage|BreadcrumbList","","keep"
"https://brollyexamprep.com/study-material/reasoning/coding-decoding/","true","4198","1034","184","1","3","0","0","0","Organization|WebSite|WebPage|Article|FAQPage|BreadcrumbList","","keep"
"https://brollyexamprep.com/study-material/reasoning/puzzles/","true","4656","1034","184","1","3","0","0","0","Organization|WebSite|WebPage|Article|FAQPage|BreadcrumbList","","keep"
"https://brollyexamprep.com/study-material/reasoning/seating-arrangement/","true","4808","1034","184","1","3","0","0","0","Organization|WebSite|WebPage|Article|FAQPage|BreadcrumbList","","keep"
"https://brollyexamprep.com/study-material/reasoning/series/","true","4055","1034","184","1","3","0","0","0","Organization|WebSite|WebPage|Article|FAQPage|BreadcrumbList","","keep"
"https://brollyexamprep.com/study-material/reasoning/syllogism/","true","4526","1034","184","1","3","0","0","0","Organization|WebSite|WebPage|Article|FAQPage|BreadcrumbList","","keep"
"https://brollyexamprep.com/study-material/science/","true","888","1034","186","1","3","0","0","0","Organization|WebSite|WebPage|FAQPage|CollectionPage|BreadcrumbList","","keep"
"https://brollyexamprep.com/study-material/science/emerging-technology/","true","5224","5","187","1","3","0","0","0","Organization|WebSite|WebPage|Article|FAQPage|BreadcrumbList","","keep"
"https://brollyexamprep.com/study-material/science/everyday-science/","true","4853","11","186","1","3","0","0","0","Organization|WebSite|WebPage|Article|FAQPage|BreadcrumbList","","keep"
"https://brollyexamprep.com/study-material/science/space-and-defence/","true","5049","3","186","1","3","0","0","0","Organization|WebSite|WebPage|Article|FAQPage|BreadcrumbList","","keep"
"https://brollyexamprep.com/study-material/varc/","true","940","1034","186","1","3","0","0","0","Organization|WebSite|WebPage|FAQPage|CollectionPage|BreadcrumbList","","keep"
"https://brollyexamprep.com/study-material/varc/critical-reasoning/","true","4603","5","186","1","3","0","0","0","Organization|WebSite|WebPage|Article|FAQPage|BreadcrumbList","","keep"
"https://brollyexamprep.com/study-material/varc/para-summary/","true","4586","3","186","1","3","0","0","0","Organization|WebSite|WebPage|Article|FAQPage|BreadcrumbList","","keep"
"https://brollyexamprep.com/study-material/varc/rc-strategy/","true","4803","4","186","1","3","0","0","0","Organization|WebSite|WebPage|Article|FAQPage|BreadcrumbList","","keep"
"https://brollyexamprep.com/success-stories/","false","804","1034","183","1","3","0","0","0","Organization|WebSite|WebPage|BreadcrumbList","","noindex"
"https://brollyexamprep.com/terms-and-conditions/","true","912","1034","182","2","3","0","0","0","Organization|WebSite|WebPage|BreadcrumbList","","keep"